date,title,short_opening,url,label,sentiment
2025-11-18,Zelenskyy visits Picasso__ __uernica_ painting after drawing parallel to Ukraine__ bombing,Ukraine__ President Volodymyr Zelenskyy visited Spain and stopped to see Pablo Picasso__ __uernica_ in Madrid.,https://apnews.com/article/zelenskyy-ukraine-spain-russia-war-ed58ec3cd0d7995b9e9dff3090a30076,Diplomatic Engagementss,neutral
2025-11-16,Greece and Ukraine sign a US gas supply deal as Zelenskyy visits Athens,An agreement to supply Ukraine with U.S. liquefied natural gas has been signed in Athens during Ukrainian President Volodymyr Zelenskyy__ visit to Greece.,https://apnews.com/article/lng-us-energy-ukraine-greece-deal-gas-f749e45a3cbea1de6fe664f9a09631f6,Aid Policies,neutral
2025-11-18,Zelenskyy will visit Turkey in a new bid to jump-start talks to end Russia__ invasion,"Ukrainian President Volodymyr Zelenskyy plans to visit Turkey this week to revive talks on ending Russia__ invasion, which began nearly four years ago.",https://apnews.com/article/russia-ukraine-war-turkey-negotiations-spain-france-6a739b523cb926d92f2bf44b24dfc3c3,Diplomatic Engagementss,neutral
2025-10-13,Zelenskyy to visit Washington this week seeking long-range weapons and a Trump meeting,Ukrainian President Volodymyr Zelenskyy says he will travel to the United States this week for talks on the potential U.S. provision of long-range weapons.,https://apnews.com/article/russia-ukraine-war-trump-zelenskyy-eu-5350381ba83ce1f53928ac435d4c4e7d,Aid Policies,neutral
2025-11-16,Zelenskyy says Ukraine is working on a prisoner exchange with Russia,"Ukraine is working to resume prisoner exchanges with Russia that could bring home 1,200 Ukrainian prisoners.",https://apnews.com/article/ukraine-russia-prisoner-exchange-zelenskyy-istanbul-drones-b66ea7f9ad1ae4072861b732437b301a,Russia-Related Rhetoric,positive
2025-10-03,Zelenskyy warns that Russian drones endanger Chernobyl and other nuclear plants in Ukraine,Russian attacks raise concerns about nuclear safety; a drone cut power at Chernobyl for 3 hours.,https://apnews.com/article/russia-ukraine-drones-chernobyl-nuclear-plant-c451827a8a842d634203c0111131d152,Russia-Related Rhetoric,neutral
2025-08-29,Zelenskyy seeks talks with Trump and European leaders on slow progress of peace efforts with Russia,Zelenskyy says Ukraine wants meetings with Trump and EU leaders to discuss peace talks.,https://apnews.com/article/russia-ukraine-kyiv-attack-putin-trump-47e0fa10cded79063cf8cb9db7a2bcb7,Diplomatic Engagementss,neutral
2025-08-18,"Back in the Oval Office, Zelenskyy wears a blazer and Trump doesn__ shout",Zelenskyy and Trump meet again in the Oval Office with a notably calmer tone.,https://apnews.com/article/zelenskyy-trump-blazer-white-house-russia-ukraine-war-81ce5677450d039552aa12e134739da6,Diplomatic Engagementss,positive
2025-09-16,Zelenskyy calls for a European air defense system as Russian strike wounds 20,Russian bombardment on Zaporizhzhia wounded 20 people including children.,https://apnews.com/article/russia-ukraine-war-zelenskyy-trump-3147203ffd293b9518655f910711d801,Humanitarian Crisis,neutral
2025-08-19,Zelenskyy deploys gratitude diplomacy for second visit to Oval Office,Zelenskyy expresses strong gratitude toward Trump during Oval Office meeting.,https://apnews.com/article/thank-you-diplomacy-trump-zelenskyy-russia-ukraine-d2f4ce2a0a27f81dba8ea07f5fb1bfd3,Media Representation,positive
2025-08-31,Zelenskyy announces arrest in shooting death of pro-Western Ukrainian politician Andriy Parubiy,Ukraine arrests a suspect in the killing of former parliament speaker Parubiy.,https://apnews.com/article/ukraine-parubiy-killed-lviv-3f322375d0a7c694bd0909018ceb0382,Domestic Governance,neutral
2025-10-31,"Russia deploys 170,000 troops for push in Ukraine__ Donetsk region, Zelenskyy says","Russia has deployed 170,000 troops in Donetsk aiming to seize Pokrovsk.",https://apnews.com/article/russia-ukraine-war-missile-united-nations-4624a6463aa3637e2d47baec9c5edcbe,Military Operations,neutral
2025-08-12,Zelenskyy says Putin wants the rest of Ukraine__ Donetsk region as part of a ceasefire,"Putin wants Ukraine to withdraw from remaining 30% of Donetsk, Zelenskyy says.",https://apnews.com/article/europe-trump-putin-summit-ukraine-territory-ba56ddbd24d1b7e8e0aca7754d0f180a,Military Operations,neutral
2025-08-09,"Zelenskyy rejects formally ceding Ukrainian territory, says Kyiv must be part of any negotiations",Ukrainian President Volodymyr Zelenskyy has rejected the idea of giving up land to end the war with Russia.,https://apnews.com/article/russia-ukraine-war-putin-trump-summit-zelenskyy-a01a6dbae85b10cc710c48f1558c1401,Military Operations,neutral
2025-09-17,"Ukraine expects $3.5 billion fund for US weapons to sustain fight against Russia, Zelenskyy says",Ukraine expects to have a $3.5 billion fund by next month to buy weapons from the U.S. and sustain its defense.,https://apnews.com/article/russia-ukraine-war-us-weapons-minerals-86894a9ce6c86cede42d1adca8569d5e,Aid Policies,neutral
2025-10-16,Zelenskyy arrives in the US ahead of his meeting with Trump,Ukrainian President Volodymyr Zelenskyy arrived in the U.S. ahead of his meeting with President Trump.,https://apnews.com/video/ukraine-president-zelenskyy-arrives-in-the-us-ahead-of-his-meeting-with-trump-8dc38d9658954e97abf8fa63215e2217,Diplomatic Engagementss,neutral
2025-11-09,Zelenskyy calls for more sanctions against Russia after Dnipro apartment block strike,Zelenskyy demanded tougher sanctions after a deadly Russian strike on a Dnipro apartment block.,https://apnews.com/video/zelenskyy-calls-for-more-sanctions-against-russia-after-dnipro-apartment-block-strike-3ad2cf29682742d3a3f3e41f459e4045,Russia-Related Rhetoric,neutral
2025-10-01,Zelenskyy and UN atomic agency head warn of heightened risk at huge Ukrainian nuclear plant,Ukraine and the UN nuclear agency warn of rising risks at the occupied Zaporizhzhia plant.,https://apnews.com/article/russia-ukraine-war-zaporizhzhia-nuclear-plant-85e5b1512918d7293702429b808483bc,Humanitarian Crisis,neutral
2025-07-23,Zelenskyy faces backlash as Ukrainians protest new anti-corruption law,Ukrainians protest a new law they say weakens anti-corruption institutions.,https://apnews.com/article/russia-ukraine-war-corruption-protests-zelenskyy-talks-fb2fdeb3fbf36a37b2e1eefb385bac87,Domestic Governance,negative
2025-10-16,Trump says he__l meet with Putin in Hungary. He first meets Friday with Zelenskyy at the White House,Trump plans to meet Zelenskyy before a scheduled sit-down with Putin.,https://apnews.com/article/trump-zelenskyy-putin-russia-ukraine-e3a1d62d2a24f459aa6dbbfa940e1067,Diplomatic Engagementss,neutral
2025-11-14,Zelenskyy says deadly Russian drone attack on Kyiv __ust not go unpunished_,Zelenskyy demands accountability after a major Russian attack on Kyiv.,https://apnews.com/video/zelenskyy-says-deadly-russian-drone-attack-on-kyiv-must-go-unpunished-092b0a0f0bda4fea96d50d2091f40262,Russia-Related Rhetoric,neutral
2025-08-19,Sen. Lindsey Graham says Trump ready to __rush_ Russian economy if Putin avoids talks with Zelenskyy,Graham says Trump will impose harsh sanctions if Putin refuses peace talks with Zelenskyy.,https://apnews.com/article/russia-sanctions-ukraine-trump-zelenskyy-war-negotiations-d94711651ab5b96f7b771c1fb3af1179,Russia-Related Rhetoric,neutral
2025-01-10,Zelenskyy meets US Defence Secretary Austin in Germany,Zelenskyy and Austin urge continued U.S. military support for Ukraine.,https://apnews.com/video/lloyd-austin-volodymyr-zelenskyy-ukraine-government-vladimir-putin-austin-zelenskyy-a563dac1eb044541a599754b03b9c4b3,Aid Policies,neutral
2025-10-17,Zelenskyy says Trump now has __omentum_ to stop Russia-Ukraine war,Zelenskyy says Trump now has momentum needed to help end the war.,https://apnews.com/video/zelenskyy-says-trump-now-has-momentum-to-stop-russia-ukraine-war-a1b5e62d58634e3a8a91f9b84f3f4cb3,Diplomatic Engagementss,neutral
2025-10-23,"Zelenskyy meets with Macron, Merz and other EU leaders on sidelines of Brussels summit",Zelenskyy held several bilateral meetings at the EU summit in Brussels.,https://apnews.com/video/zelenskyy-meets-with-macron-merz-and-other-eu-leaders-on-sidelines-of-brussels-summit-5912b79ebfd5401c88684c87dcad3fc0,Aid Policies,neutral
2025-10-24,Zelenskyy meets King Charles at Windsor Castle,Zelenskyy met King Charles to discuss European security commitments.,https://apnews.com/video/zelenskyy-meets-king-charles-at-windsor-castle-0dde6a5ab14f4af7ae7c26a274bd11d7,Diplomatic Engagementss,neutral
2025-09-23,Zelenskyy laments Security Council inaction over Russian aggression,Zelenskyy criticizes UN inaction as Russia escalates attacks.,https://apnews.com/video/zelenskyy-laments-security-council-inaction-over-russian-aggression-15f8f16a130f42a78c22fc0d7ecd0109,Russia-Related Rhetoric,negative
2025-11-16,Greece and Ukraine sign a US gas supply deal as Zelenskyy visits Athens,Ukraine signs deal to import U.S. natural gas via Greece.,https://apnews.com/video/greece-and-ukraine-sign-a-us-gas-supply-deal-as-zelenskyy-visits-athens-f0f89f9f069d4dffafd8d1d030222174,Aid Policies,neutral
2025-11-19,Ukrainian President Zelenskyy meets Turkish President Erdogan in Ankara in search of diplomatic support,Zelenskyy seeks Turkish diplomatic backing against Russia.,https://apnews.com/video/ukrainian-president-zelenskyy-meets-turkish-president-erdogan-in-ankara-in-search-of-diplomatic-support-5fb377274228407f8017940724779d33,Diplomatic Engagementss,neutral
2025-08-18,Zelenskyy__ attire comes up for the second time in the Oval Office,Zelenskyy wears a suit on return to the White House after past criticism.,https://apnews.com/video/zelenskyys-attire-comes-up-for-the-second-time-in-the-oval-office-2fcb45aaf1d2470aadac6a742a897b0d,Media Representation,positive
2025-10-14,Zelenskyy says there is __omentum_ for peace in Ukraine after Gaza ceasefire,Zelenskyy praises Trump__ role in securing Gaza ceasefire and sees momentum for peace.,https://apnews.com/video/zelenskyy-says-there-is-momentum-for-peace-in-ukraine-after-gaza-ceasefire-47a4f1f7a22a4bc1beae3ef2c665ef4a,Diplomatic Engagementss,positive
2025-07-09,Ukraine__ Zelenskyy meets with Pope Leo XIV. Both propose the Vatican as site for peace talks,Zelenskyy and Pope Leo XIV discuss Vatican-hosted peace talks.,https://apnews.com/article/vatican-pope-leo-zelenskyy-children-taken-ukraine-cb1437b87d9970d0642648152979fcd0,Diplomatic Engagementss,neutral
2025-07-17,Zelenskyy appoints a new prime minister for a war-weary Ukraine,Zelenskyy appoints negotiator Yuliia Svyrydenko as new prime minister.,https://apnews.com/article/russia-ukraine-war-government-reshuffle-zelenskyy-svyrydenko-c64ec1fd2475ad85c6a54a50c63076eb,Domestic Governance,neutral
2025-07-24,"Zelenskyy moves to restore independence of Ukraine anti-graft agencies after protests, EU criticism",Zelenskyy introduces a bill to restore anti-corruption agency independence.,https://apnews.com/article/russia-ukraine-war-corruption-protests-zelenskyy-law-6766134c963f0423d88c2ac1749f8c11,Domestic Governance,positive
2025-06-19,Zelenskyy calls for more pressure on Russia after deadly missile strike in Ukrainian capital Kyiv,Zelenskyy urges greater international pressure after a Russian missile strike killed 23 in Kyiv.,https://apnews.com/article/ukraine-zelenskyy-war-russia-missile-strike-91245843b6ef6f191313686458676b82,Russia-Related Rhetoric,neutral
2025-09-24,Macron and Zelenskyy hold bilateral meeting at the United Nations,Macron and Zelenskyy met on the sidelines of the UN General Assembly.,https://apnews.com/video/macron-and-zelensky-hold-bilateral-meeting-at-the-united-nations-d25c943c7c194a0eb1b0c65a9ffb20ee,Diplomatic Engagementss,neutral
2025-10-21,Zelenskyy reiterates the country__ readiness for ceasefire along the current frontlines,Zelenskyy says Ukraine is ready for a ceasefire along existing lines.,https://apnews.com/video/zelenskyy-reiterates-the-countrys-readiness-for-ceasefire-along-the-current-frontlines-e2634556a9f14ff2b0efb07386bc9056,Media Representation,neutral
2025-08-24,Zelenskyy prays with first lady on Ukraine__ independence day,Zelenskyy joined a prayer service marking Ukraine__ 34th Independence Day.,https://apnews.com/video/zelenskyy-prays-with-first-lady-on-ukraines-independence-day-777128d7829245e695513d36619f39d5,Media Representation,neutral
2025-10-03,Zelenskyy meets European leaders in Copenhagen at 7th European Political Community Summit,Zelenskyy met with several European leaders during the EPC summit.,https://apnews.com/video/zelenskyy-meets-european-leaders-in-copenhagen-at-7th-european-political-community-summit-5f36428095924e1d9d68b33812b5af72,Diplomatic Engagementss,neutral
2025-10-16,Zelenskyy arrives in US to meet with Trump,Zelenskyy arrived in the U.S. for talks on long-range weapons.,https://apnews.com/video/zelenskyy-arrives-in-us-to-meet-with-trump-492c6dfe49a34c69a0f68d443bca0111,Aid Policies,neutral
2025-06-26,Zelenskyy approves plans on special tribunal to prosecute Russian leaders over Ukraine,Ukraine approved plans for a special tribunal to prosecute Russian leadership.,https://apnews.com/article/ukraine-russia-tribunal-zelenskyy-eaa224303d17a52e73c954b6ce612aae,Russia-Related Rhetoric,neutral
2025-10-22,Zelenskyy and Kristersson watch Swedish fighter jets perform as countries agree deal on Gripen planes,Zelenskyy and Sweden showcased fighter jets in a Gripen cooperation deal.,https://apnews.com/video/zelenskyy-and-kristersson-watch-swedish-fighter-jets-perform-as-countries-agree-deal-on-gripen-planes-9e719bb2d70b483e8ef80b45fd9e5fb9,Aid Policies,neutral
2025-10-17,Zelenskyy meets representatives of defense companies and energy sector during US visit,Zelenskyy thanked Raytheon for Patriot support during U.S. meetings.,https://apnews.com/video/zelenskyy-meets-representatives-of-defense-companies-and-energy-sector-during-us-visit-cebb60a5a4ce452b87ad2ba469acc6d3,Media Representation,neutral
2025-07-17,"Ukraine to boost domestic arms production to counter Russia__ invasion, says Zelenskyy",Ukraine aims to meet half its military needs with domestic production within months.,https://apnews.com/article/russia-ukraine-war-weapons-patriots-zelenskyy-146ada6ec9ee16d23fc9a6ef1a8039ef,Economic Structure,neutral
2025-09-23,Zelenskyy holds a meeting with the President of Switzerland Karin Keller-Sutter on the sidelines of UNGA,Zelenskyy met Switzerland__ president during the UNGA.,https://apnews.com/video/zelenskyy-holds-a-meeting-with-the-president-of-switzerland-karin-kellersutter-on-the-sidelines-of-unga-80faba9a6f3b49ae81ce9dfab0e8f3b0,Diplomatic Engagementss,neutral
2025-08-18,"Zelenskyy arrives at White House, meeting with Trump and European leaders.",Zelenskyy was welcomed at the West Wing by Trump ahead of meetings.,https://apnews.com/video/zelenskyy-arrives-at-white-house-meeting-with-trump-and-european-leaders-77855e091de942028c277d8c622471a1,Diplomatic Engagementss,neutral
2025-06-14,Zelenskyy warns oil price surge could help Russia__ war effort,Zelenskyy says higher global oil prices will increase Russia__ wartime income.,https://apnews.com/article/russia-ukraine-war-iran-israel-zelenskyy-ba2a52ce82897f16f76f52d4b8e53b34,Russia-Related Rhetoric,neutral
2025-10-16,Expert says Russia-Ukraine war ceasefire __nlikely_ as Trump set to meet Zelenskyy,Analysts say a ceasefire remains unlikely before Trump__elenskyy talks.,https://apnews.com/video/expert-says-russia-ukraine-war-ceasefire-unlikely-as-trump-set-to-meet-zelenskyy-5004e56b78bc449b9d8950ba6ef5ca6b,Diplomatic Engagementss,neutral
2025-05-13,Zelenskyy says he will be waiting for Putin in Ankara for talks,Zelenskyy says he is ready to meet Putin in Ankara to negotiate an end to the war.,https://apnews.com/article/russia-ukraine-war-putin-zelenskyy-istanbul-b4a256f946ce892d6b2a7dfb0f3fba5b,Diplomatic Engagementss,neutral
2025-06-21,"Ukraine received at least 20 bodies of Russian soldiers in recent exchanges, Zelenskyy says",Ukraine received at least 20 Russian bodies in recent exchanges.,https://apnews.com/article/russia-ukraine-war-dead-soldiers-zelenskyy-3fe949eb4f050e6ef53b8eae7da0ef6c,Humanitarian Crisis,neutral
2025-07-22,Zelenskyy renews offer to meet with Putin as officials say Russian attacks kill a child in Ukraine,Zelenskyy renewed his offer for direct talks with Putin.,https://apnews.com/article/russia-ukraine-war-drones-peace-talks-a430896831b7bf527d36bf036c02c460,Diplomatic Engagementss,neutral
2025-10-24,Starmer and Zelenskyy deliver statements during Coalition of the Willing meeting in London,Keir Starmer and Volodymyr Zelenskyy delivered statements after a __oalition of the Willing_ meeting in London.,https://apnews.com/video/starmer-and-zelenskyy-deliver-statements-during-coalition-of-the-willing-meeting-in-london-8c6fca5d25634a4a93af62e85bef15ea,Diplomatic Engagementss,neutral
2025-08-19,Zelenskyy thanks Trump multiple times during meeting,Zelenskyy repeatedly thanked Trump during their meeting after past criticism from J.D. Vance.,https://apnews.com/video/zelenskyy-thanks-trump-multiple-times-during-meeting-a92f99b6805e4513b349ad5200784726,Diplomatic Engagementss,neutral
2025-09-24,Zelenskyy to the UN: __e are now living through the most destructive arms race in history_,Zelenskyy warned world leaders about a dangerous global arms race.,https://apnews.com/video/zelenskyy-to-the-un-we-are-now-living-through-the-most-destructive-arms-race-in-history-9288b49fd3fd488582e780abf4ff1f2d,Russia-Related Rhetoric,neutral
2025-08-23,Zelenskyy takes part in ceremony marking Ukraine__ national flag day,Zelenskyy participated in a ceremony marking Ukraine__ national flag day in Kyiv.,https://apnews.com/video/zelenskyy-takes-part-in-ceremony-marking-ukraines-national-flag-day-6413fd1dad1e47d29361373fc163472a,Media Representation,neutral
2025-06-25,Trump meets with Zelenskyy and says higher NATO defense spending may deter future Russian aggression,Trump said NATO defense spending increases may deter future Russian aggression.,https://apnews.com/article/nato-ukraine-summit-zelenskyy-trump-2e95a3f3426d9037b7d1a89765f55a82,Russia-Related Rhetoric,neutral
2025-04-24,Zelenskyy says he__ cutting short a visit to South Africa after Russian attacks on Kyiv,Zelenskyy cut short his South Africa visit due to a major Russian attack on Kyiv.,https://apnews.com/article/zelenskyy-ukraine-russia-war-trump-south-africa-aac31e008039b3afbd45ed9fe482e3fa,Military Operations,neutral
2025-07-25,Ukraine__ Zelenskyy says defenses are holding firm against Russia__ summer push,Zelenskyy said Ukraine__ forces are holding back Russia__ summer offensive.,https://apnews.com/article/russia-ukraine-war-zelenskyy-front-line-e69e6b1a6ce4b6cc02b6899d945ddeab,Military Operations,neutral
2025-08-14,Zelenskyy meets Starmer in London ahead of Trump-Putin summit,Zelenskyy met UK PM Starmer a day before the Trump__utin summit.,https://apnews.com/video/zelenskyy-meets-starmer-in-london-ahead-of-trump-putin-summit-4e7e358e674b488da39e8be46a8478cd,Diplomatic Engagementss,neutral
2025-06-16,Ukraine__ Zelenskyy wins non-military backing from Austria,Zelenskyy won non-military support from Austria one day before a G7 visit.,https://apnews.com/article/zelenskyy-bellen-stocker-austria-ukraine-russia-nehammer-b34378ff9e1dee50d84c952955e609a7,Diplomatic Engagementss,positive
2025-08-28,Zelenskyy says Russia__ bombardment of Kyiv shows Putin wants to continue war,Zelenskyy said Russia's massive bombardment shows Putin wants to continue the war.,https://apnews.com/video/zelenskyy-says-russias-bombardment-of-kyiv-shows-putin-wants-to-continue-war-8b6f423dcb364333bee4789c8a87b8fc,Russia-Related Rhetoric,neutral
2025-09-05,Zelenskyy tells forum Ukraine is preparing strength to pressure Russia towards peace,Zelenskyy said Ukraine is building a new multi-domain security system to pressure Russia toward peace.,https://apnews.com/video/zelenskyy-tells-forum-ukraine-is-preparing-strength-to-pressure-russia-towards-peace-091e1c4c20fa425cb5f094a661bfddf8,Diplomatic Engagementss,neutral
2025-08-24,"__e are strong and not alone,_ says Zelenskyy as Ukraine marks independence day",Zelenskyy said Ukraine is strong and supported as it marked independence day.,https://apnews.com/video/we-are-strong-and-not-alone-says-zelenskyy-as-ukraine-marks-independence-day-3d2c33f3774443e5bfd4fdcca9c9df39,Media Representation,neutral
2025-08-29,Zelenskyy visits latest missile attack site in Kyiv,Zelenskyy visited the site of a missile attack that killed several civilians.,https://apnews.com/video/zelenskyy-visits-site-of-the-latest-missile-attack-in-ukrainian-capital-kyiv-4f8ebdc60a424512be02da24a410bf93,Media Representation,neutral
2025-08-17,Zelenskyy visits EU headquarters ahead of Washington summit,Zelenskyy met with EU Commission President von der Leyen ahead of a summit.,https://apnews.com/video/zelenskyy-visits-eu-headquarters-ahead-of-washington-summit-4be76aa2b26b441e8803be5417495c46,Diplomatic Engagementss,neutral
2025-08-18,"__ changed, you did not_: Zelenskyy replies to reporter who asked about his suit",Zelenskyy joked with a reporter about changing from his usual attire.,https://apnews.com/video/zelenskyys-attire-comes-up-second-time-in-oval-office-d0a28f901ac849da847f56ecae6ea608,Media Representation,positive
2025-05-12,Zelenskyy hopes for ceasefire with Russia and challenges Putin to meet him in Turkey,Zelenskyy challenged Putin to personally attend ceasefire talks in Turkey.,https://apnews.com/article/russia-ukraine-war-ceasefire-2b3d2fad88436c5406ea63f81ac554ef,Diplomatic Engagementss,neutral
2025-08-14,Zelenskyy arrives meets with UK PM Keir Starmer in London; pair ignore reporters_ questions,UK Prime Minister Keir Starmer welcomed Ukrainian President Volodymyr Zelenskyy in London ahead of a major U.S.__ussia summit.,https://apnews.com/video/zelenskyy-arrives-meets-with-uk-pm-keir-starmer-in-london-pair-ignore-reporters-questions-6a4d46da46e945a680f206581d28c71b,Diplomatic Engagementss,neutral
2025-08-18,Zelenskyy signals openness to three-way meeting with Trump and Putin,"Zelenskyy said Trump will try to organize a trilateral meeting between Ukraine, Russia and the United States.",https://apnews.com/video/zelenskyy-signals-openness-to-three-way-meeting-with-trump-and-putin-5178939250ee4e74a2a9d61d3d25600b,Diplomatic Engagementss,positive
2025-04-20,Zelenskyy says Russia is trying to create an __mpression of a ceasefire_ as attacks continue,Zelenskyy accused Russia of attacking immediately after declaring an Easter __ruce._,https://apnews.com/article/russia-ukraine-easter-ceasefire-zelenskyy-putin-attacks-934e5c2a493be32b605ddb84d955b34b,Russia-Related Rhetoric,neutral
2025-08-07,Zelenskyy says Ukraine should take part in US negotiations with Russia,Zelenskyy says Ukraine must be included in any US__ussia peace discussions.,https://apnews.com/video/zelenskyy-says-ukraine-should-take-part-in-us-negotations-with-russia-173f5469db264786957c53641ba40d18,Diplomatic Engagementss,neutral
2025-03-01,Zelenskyy embraced by British prime minister a day after White House blowout,The UK reaffirmed support for Ukraine one day after Zelenskyy__ contentious meeting with Trump.,https://apnews.com/article/zelenskyy-starmer-uk-british-white-house-trump-a05e6ec1c37aabdbb5067d8ce87d6d1e,Diplomatic Engagementss,positive
2025-08-13,Zelenskyy arrives in Berlin to speak to allies ahead of Trump-Putin summit,Zelenskyy and German leaders prepared coordinated positions ahead of a Trump-Putin summit.,https://apnews.com/video/zelenskyy-arrives-in-berlin-to-speak-to-allies-ahead-of-trump-putin-summit-3f59e0e4a87f4a82a40ab0f477a1b153,Diplomatic Engagementss,neutral
2025-04-24,Trump says Zelenskyy is prolonging war by resisting calls to cede Crimea to Russia,Trump criticized Zelenskyy for refusing to hand Crimea to Russia in peace proposals.,https://apnews.com/article/russia-ukraine-war-peace-talks-london-4f35dc70f521e2363218f4c40748caba,Diplomatic Engagementss,negative
2025-08-19,Zelenskyy thanks Trump multiple times during meeting,Zelenskyy publicly expressed gratitude to Trump after past tensions.,https://apnews.com/video/zelenskyy-thanks-trump-multiple-times-during-meeting-d559b5dd75bc428da5e6f2379472c83e,Media Representation,positive
2025-08-18,Zelenskyy signals openness to three-way meeting with Trump and Putin,Zelenskyy said a trilateral negotiation may be possible.,https://apnews.com/video/zelenskyy-signals-openness-to-three-way-meeting-with-trump-and-putin-4b25249826104d09a35ead9c29896878,Diplomatic Engagements,positive
2025-04-22,Zelenskyy pushes back on ceding Ukrainian land in potential peace deal ahead of London talks,Zelenskyy rejected surrendering Ukrainian territory as part of peace conditions.,https://apnews.com/article/russia-ukraine-war-drone-attack-peace-talks-be98e85000b8e0f24a2d7ada71f3861d,Diplomatic Engagements,neutral
2025-08-02,Zelenskyy visits site of deadly Russian attack on Kyiv which killed 31 people,Zelenskyy visited the aftermath of a major missile/drone attack in Kyiv.,https://apnews.com/video/zelenskyy-visits-site-of-deadly-russian-attack-on-kyiv-which-killed-31-people-beddd6096a5f4cf4a468969d38eb6393,Media Representation,neutral
2025-08-09,"Zelenskyy rejects formally ceding territory, says Kyiv must be part of negotiations",Zelenskyy insisted Kyiv must participate in any negotiations.,https://apnews.com/video/zelenskyy-rejects-formally-ceding-ukrainian-territory-says-kyiv-must-be-part-of-any-negotiations-5ded6552583145aea95756c582b83edf,Diplomatic Engagements,neutral
2025-08-18,Ukraine__ Zelenskyy arrives at White House to meet Trump on ending Russia__ war,Zelenskyy arrived with a large European delegation for peace talks.,https://apnews.com/video/ukraines-zelenskyy-arrives-at-white-house-to-meet-trump-on-ending-russias-war-ae5ebc91ab964e6fb9921a90acbee41a,Diplomatic Engagements,neutral
2025-08-18,European leaders arrive at the White House for talks with Trump and Zelenskyy,European leaders joined Zelenskyy and Trump for peace meetings.,https://apnews.com/video/european-leaders-arrive-at-the-white-house-for-talks-with-trump-and-zelenskyy-on-the-ukraine-war-5a384a7734134f1db2464a62817ca7aa,Diplomatic Engagements,neutral
2025-07-21,"New round of Russia-Ukraine peace talks set for Wednesday, Zelenskyy says",Zelenskyy said Ukraine and Russia would hold another round of peace talks on Wednesday.,https://apnews.com/video/new-round-of-russia-ukraine-peace-talks-set-for-wednesday-zelenskyy-says-63f46abef1ef450f80bc93a6c2867710,Diplomatic Engagements,neutral
2025-08-12,Zelenskyy tells youth forum Putin and Trump cannot agree on anything without Ukraine present,Zelenskyy told a youth forum that Trump and Putin cannot decide anything about Ukraine without Ukraine being present.,https://apnews.com/video/zelenskyy-tells-youth-forum-putin-and-trump-cannot-agree-on-anything-without-ukraine-present-7a81afb29f6541fbaff715c30556b184,Diplomatic Engagements,neutral
2025-08-18,Italian PM meets Zelenskyy and other European leaders ahead of Trump summit,Italy__ Prime Minister met Zelenskyy and European leaders in Washington before a Trump__utin summit.,https://apnews.com/video/italian-pm-meets-zelenskyy-and-other-european-leaders-ahead-of-trump-summit-4d6cc17d6feb4a709b89ee1d9eaab98c,Diplomatic Engagements,neutral
2025-07-20,Zelenskyy says Ukraine proposed to Russia to hold next round of talks next week,Zelenskyy said Ukraine proposed to Russia to resume peace talks next week.,https://apnews.com/video/zelenskyy-says-ukraine-proposed-to-russia-to-hold-next-round-of-talks-next-week-720441f714ea4daba976890c252e05bb,Diplomatic Engagements,neutral
2025-07-14,Zelenskyy meets with US envoy Kellogg as US pledges more Patriot missiles to Ukraine,Zelenskyy met U.S. envoy Kellogg as Washington prepared to send more Patriot systems.,https://apnews.com/video/zelenskyy-meets-with-us-envoy-kellogg-as-us-pledges-more-patriot-missiles-to-ukraine-b5956bbcb8a5418eb8d944c90edb1b6a,Diplomatic Engagements,neutral
2025-09-11,"Zelenskyy meets US envoy Kellogg in Kyiv, on day after Russian drone incursion in Poland",Zelenskyy met the U.S. envoy after a Russian drone entered Polish airspace.,https://apnews.com/video/zelenskyy-meets-us-envoy-kellogg-in-kyiv-on-day-after-russian-drone-incursion-in-poland-1e1eddddc9d142aeb1f2f07d4bfc0f7a,Diplomatic Engagements,neutral
2025-08-18,"Zelenskyy, Trump express hope for trilateral talks with Putin to bring end to Russia-Ukraine war",Trump and Zelenskyy expressed hope for trilateral talks with Putin to end the war.,https://apnews.com/video/zelenskyy-trump-express-hope-for-trilateral-talks-with-putin-to-bring-end-to-russia-ukraine-war-a2a779cb51dc4305a93ce18189b51c61,Diplomatic Engagements,neutral
2025-08-18,"Zelenskyy, Trump express hope for trilateral talks with Putin to bring end to Russia-Ukraine war",Trump and Zelenskyy repeated hope for three-way talks aimed at ending the conflict.,https://apnews.com/video/zelenskyy-trump-express-hope-for-trilateral-talks-with-putin-to-bring-end-to-russia-ukraine-war-a13d5e8e60024c0e88a7817a2528a0da,Diplomatic Engagements,neutral
2025-02-14,Zelenskyy to Vance: Ukraine wants __ecurity guarantees_ as Trump seeks to end Ukraine-Russia war,Zelenskyy said Ukraine needs firm security guarantees before peace talks.,https://apnews.com/article/vance-rubio-munich-security-conference-ukraine-ab2d7379aaf6ca224cc51e1f9ade9edf,Diplomatic Engagements,neutral
2025-04-09,Ukraine__ Zelenskyy says 2 Chinese men were caught fighting alongside Russia,Zelenskyy said Ukraine captured two Chinese men fighting for Russia.,https://apnews.com/article/russia-ukraine-war-captured-chinese-141294997b4c63c67f978121db645244,Military Operations,neutral
2025-07-24,Zelenskyy moves to restore anti-corruption agencies_ independence after public outcry,Zelenskyy submitted a bill restoring watchdog independence after mass protests.,https://apnews.com/video/zelenskyy-moves-to-restore-anti-corruption-agencies-independence-after-public-outcry-935b1f1159544b7586a7cc397c80cdd4,Domestic Governance,neutral
2025-08-18,Zelenskyy brings Europe__ top leaders with him to meet Trump on ending Russia__ war,Zelenskyy brought top EU leaders to Washington for peace talks with Trump.,https://apnews.com/video/zelenskyy-brings-europes-top-leaders-with-him-to-meet-trump-on-ending-russias-war-422fda1e0d4249c0aa882f1573c8466d,Diplomatic Engagements,neutral
2025-03-04,"Zelenskyy calls Oval Office spat with Trump __egrettable,_ says he__ ready to work for Ukraine peace",Zelenskyy said last week__ Oval Office blowup with Trump was regrettable and urged a reset.,https://apnews.com/article/russia-ukraine-war-trump-zelenskyy-military-aid-2ce8b167f0ba948b2b606381192de71d,Diplomatic Engagements,neutral
2025-07-11,Zelenskyy says aid shipments from the U.S. __ave been restored_,Zelenskyy said paused U.S. military aid shipments have resumed.,https://apnews.com/video/zelenskyy-says-aid-shipments-from-the-u-s-have-been-restored-aae1802a3d664086b73a6fdc71a3c55e,Aid Policies,neutral
2025-08-18,"Zelenskyy and Europe__ top leaders will meet with Trump on ending Russia__ war, AP Explains",Zelenskyy and top EU leaders will meet Trump in Washington to discuss ending the war.,https://apnews.com/video/zelenskyy-and-europes-top-leaders-will-meet-with-trump-on-ending-russias-war-ap-explains-9ff9abf42363413aad46790980d8c4fc,Diplomatic Engagements,neutral
2025-04-26,Zelenskyy and Trump talk as they attend the funeral of Pope Francis in Vatican,Zelenskyy and Trump met briefly while attending Pope Francis' funeral in the Vatican.,https://apnews.com/video/zelenskyy-and-trump-talk-as-they-attend-the-funeral-of-pope-francis-in-vatican-f544acf7c9dd4daa934614a3d2af40a9,Diplomatic Engagements,neutral
2025-08-21,Trump thanks Ukrainian serviceman for veteran__ golf putter presented to him by Zelenskyy,Zelenskyy gave Trump a golf putter that belonged to a Ukrainian serviceman.,https://apnews.com/video/trump-thanks-ukrainian-serviceman-for-veterans-golf-putter-presented-to-him-by-zelenskyy-cb67215c05904e2ba4dd8a3e22656d8e,Media Representation,neutral
2025-03-01,The Latest: Most European leaders back Zelenskyy as he joins crisis talks in London,Zelenskyy joined crisis talks in London and thanked U.S. leadership despite prior tensions.,https://apnews.com/article/russia-ukraine-war-zelenskyy-london-bf158d8f9e10a7c049ea90f8fd917ab6,Diplomatic Engagements,positive
2025-03-03,"Ukraine__ Zelenskyy says end of war with Russia is __ery, very far away_",Zelenskyy said a deal to end the war remains very far away.,https://apnews.com/article/russia-ukraine-war-zelenskyy-starmer-trump-b025877c40ffe0ddf2a92adad1715231,Diplomatic Engagements,neutral
2025-02-08,Zelenskyy confirms a new Ukrainian offensive in Russia__ Kursk region,Zelenskyy confirmed Ukrainian forces launched an offensive in Russia's Kursk region.,https://apnews.com/article/russia-ukraine-north-korea-kursk-de43ba469a070a4700ba26f330131b49,Military Operations,neutral
2025-07-26,Zelenskyy calls for ramped up production of drone interceptors after Russian glide bomb attack,Zelenskyy urged rapid expansion of drone interceptor production.,https://apnews.com/video/zelenskyy-calls-for-ramped-up-production-of-drone-interceptors-after-russian-glide-bomb-attack-af4e8d298d2d4dfd82175854298ca2cf,Military Operations,neutral
2025-07-09,Ukrainian President Zelenskyy meets Trump__ special envoy for Ukraine Keith Kellogg in Rome,Zelenskyy met with Trump__ special envoy Keith Kellogg in Rome.,https://apnews.com/video/ukrainian-president-zelenskyy-meets-trumps-special-envoy-for-ukraine-keith-kellogg-in-rome-5114010d060e483c9452e269e2aed1e1,Diplomatic Engagements,neutral
2025-02-28,Zelenskyy leaves White House without signing minerals deal after Oval Office blowup,"Trump berated Zelenskyy, then canceled the minerals deal signing.",https://apnews.com/article/zelenskyy-security-guarantees-trump-meeting-washington-eebdf97b663c2cdc9e51fa346b09591d,Diplomatic Engagements,negative
2025-04-05,Zelenskyy meets European military leaders to plan for a peacekeeping force,Zelenskyy met European military leaders to discuss a multinational peacekeeping force.,https://apnews.com/article/russia-ukraine-war-kryvyi-rih-dnipropetrovsk-fcdb5bbec7a51365b08e8ef2884ba22f,Diplomatic Engagements,neutral
2025-02-17,Zelenskyy travels to UAE as momentum grows for talks to end Russia__ war in Ukraine,Zelenskyy traveled to the UAE amid growing momentum for peace talks.,https://apnews.com/article/uae-russia-ukraine-war-a09b2fc2d81276551f40d89383a348c2,Diplomatic Engagements,neutral
2025-02-23,Zelenskyy says progress made on reaching an agreement with the US on rare minerals deal,Zelenskyy said the U.S. dropped a controversial minerals profits proposal.,https://apnews.com/article/russia-ukraine-war-drones-anniversary-putin-trump-c8f73a98d071055be52a1b22b0785ecc,Diplomatic Engagements,neutral
2025-05-28,German Chancellor Merz welcomes Ukraine__ Zelenskyy to Berlin,Ukrainian President Volodymyr Zelenskyy met with new German Chancellor Friedrich Merz in Berlin as Kyiv seeks further military support.,https://apnews.com/video/german-chancellor-merz-welcomes-ukraines-zelenskyy-to-berlin-7d65cf0903684772b250acd55da4d64d,Diplomatic Engagements,neutral
2025-06-02,Zelenskyy says he backs Turkish proposal for a meeting with Trump and Putin,"Zelenskyy said he supports Turkey__ proposal to organize a meeting between him, Trump and Putin.",https://apnews.com/video/zelenskyy-says-he-backs-turkish-proposal-for-a-meeting-with-trump-and-putin-79efa1baa2174e3ca91a5ddf328b35c2,Diplomatic Engagements,neutral
2025-02-13,Russia rejoices at Trump-Putin call as Zelenskyy rejects talks without Ukraine present,"Russian officials celebrated Trump__ plan to meet Putin, while Zelenskyy insisted Ukraine must be present.",https://apnews.com/article/russia-ukraine-war-trump-putin-9bd931d9ffde1bb573fae514efb29ddd,Diplomatic Engagements,neutral
2025-06-26,Zelenskyy calls for strong sanctions and oil price cap in address to European Council,Zelenskyy urged EU leaders to impose strong sanctions and a strict oil price cap.,https://apnews.com/video/zelenskyy-calls-for-strong-sanctions-and-oil-price-cap-in-address-to-european-council-cdc854fd1d72461a81016c1634efefb0,Russia-Related Rhetoric,neutral
2025-05-14,Zelenskyy __aiting to see who will come from Russia_ for talks in Turkey,Zelenskyy said he is waiting to see who Russia will send to ceasefire talks in Turkey.,https://apnews.com/video/zelenskyy-waiting-to-see-who-will-come-from-russia-for-talks-in-turkey-ec900da6b4fc4799a8dbca9356682d62,Diplomatic Engagements,neutral
2025-06-24,Ukraine__ Zelenskyy meets UK PM Starmer and British troops in London,Zelenskyy and UK PM Keir Starmer met troops training Ukrainian soldiers.,https://apnews.com/video/ukraines-zelenskyy-meets-uk-pm-starmer-and-british-troops-in-london-7c1b264ae4f944b4990602ef4466ffcc,Media Representation,neutral
2025-02-14,The art of the deal? Zelenskyy says a Ukraine-Russia agreement must come through Trump negotiations,Zelenskyy appealed to Trump__ dealmaker image to help negotiate peace.,https://apnews.com/article/trump-zelenskyy-munich-security-conference-ukraine-1feeba7df83c4cc241370180b3673677,Diplomatic Engagements,neutral
2025-05-27,Zelenskyy says __ussia is counting on a prolonged war_,Zelenskyy said Russia is counting on a long war.,https://apnews.com/video/zelenskyy-says-russia-is-counting-on-a-prolonged-war-7391649a507c42729423a2933fca945f,Russia-Related Rhetoric,neutral
2025-04-28,Zelenskyy calls for stronger international pressure on Russia to end Ukraine war,Zelenskyy said Russia is __eceiving_ the U.S. about peace intentions.,https://apnews.com/video/zelenskyy-calls-for-stronger-international-pressure-on-russia-to-end-ukraine-war-b34cd4671f1b4a99a0666a94f5b51ff5,Russia-Related Rhetoric,neutral
2025-02-10,White House officials ready to meet with Zelenskyy in Munich for talks on Russia__ war on Ukraine,Trump__ senior advisers will meet Zelenskyy at Munich Security Conference.,https://apnews.com/article/ukraine-russia-war-zelenskyy-trump-kellogg-e38e0ec1a4c7e1e58b503c3831732ad0,Diplomatic Engagements,neutral
2024-11-30,Zelenskyy says NATO offer for Ukraine-controlled territory could end __ot stage_ of war,Zelenskyy said NATO membership for controlled territory could halt fighting.,https://apnews.com/article/russia-ukraine-war-zelenskyy-nato-92069fae6a05fc03d6fb2643ecbb4b2a,Diplomatic Engagements,neutral
2025-03-27,Zelenskyy speaks on reasons behind delay of potential mineral deal with the US,Zelenskyy said negotiations on a mineral deal with the US keep changing.,https://apnews.com/video/zelenskyy-speaks-on-reasons-behind-delay-of-potential-mineral-deal-with-the-us-342a090790f3419ba0291074295dc027,Diplomatic Engagements,neutral
2025-01-03,"Trump__ strength and unpredictability can help end the war in Ukraine, Zelenskyy says",Zelenskyy said Trump__ unpredictability could help end the war.,https://apnews.com/article/russia-ukraine-war-trump-zelenskyy-a80e4d3498692218f40a42bc3718c7c9,Diplomatic Engagements,neutral
2024-12-07,Ukraine confirms second Danish delivery of F-16s as Zelenskyy seeks support in Paris,Denmark delivered a second batch of F-16s as Zelenskyy sought support in Paris.,https://apnews.com/article/russia-ukraine-war-f16-denmark-86c2d6631869cc8f5217482e22bf52d8,Aid Policies,neutral
2025-01-25,"US has not stopped military aid to Ukraine, Zelenskyy says",Zelenskyy said the US has not stopped military aid to Ukraine.,https://apnews.com/article/russia-ukraine-war-zelenskyy-us-aid-7a2d78db94565e6808e6d0699f6fa38d,Aid Policies,neutral
2025-04-26,Donald Trump and Volodymyr Zelenskyy hold talks in Vatican before funeral service for Pope,,,
