id,media,leaning,date,title,short_opening,URL
L001,CBC,left,2022/3/10,Volodymyr_Zelensky to address House of Commons,Ukrainian President Volodymyr_Zelensky_has accepted an invitation to address the House of Commons just a few days after delivering an address to the British House of Commons.,
L002,CBC,left,2022/4/4,Zelensky accuses Russia of torture and 'genocide' after bodies of civilians found,"Moscow faced a new wave of revulsion and accusations of war crimes Monday after the Russian pullout from the outskirts of Kyiv revealed streets strewn with corpses of what appeared to be civilians, some seemingly killed deliberately at close range.",
L003,CBC,left,2022/4/4,"Silk Sonic and Jon Batiste triumph, Zelensky appears at a classy Grammy Awards","The 64th Grammy Awards was a classy affair that awarded first-time winners and offered lively, well-produced performances _ plus a message from Ukraine's president. CBC News has the highlights.",
L004,CBC,left,2022/3/15,Ukrainian President Volodymyr Zelensky addresses Parliament as Russian forces edge toward Kyiv,"Ukrainian President Volodymyr Zelensky delivered a powerful, personal appeal to Canada to do more to help his embattled country withstand the invasion by Russia.",
L005,CBC,left,2022/3/15,Parliament gave Zelensky a hero's welcome. He gave us something else: a cold dose of reality,"""Old friends owe the truth,"" Volodymyr Zelensky, president of Ukraine and global folk hero, told parliamentarians on Tuesday. His message to Canadians _ try to imagine what it's like to be us.",
L006,CBC,left,2022/3/1,"'Prove that you are with us,' Ukraine's president says to EU","Speaking via video link to an emergency session of the European Parliament, Ukrainian President Volodymyr Zelensky urged the EU on Tuesday to ""prove that you are with us"" in Ukraine's war with Russia, a day after Kyiv officially asked to join the bloc.",
L007,CBC,left,2022/6/25,"Russian forces now control Severodonetsk, but Zelensky vows Ukraine will re-take lost cities","Russian forces_seized full control of the Eastern Ukrainian city of Severodonetsk_on Saturday, confirming_Kyiv's biggest battlefield setback for more than a month,_after_weeks of some of the war's bloodiest fighting.",
L008,CBC,left,2022/5/8,Trudeau says Canada backs Ukraine in seeking justice for Putin's 'heinous war crimes',"Prime Minister Justin Trudeau is in Ukraine on Sunday, meeting with Ukrainian President Volodymyr Zelensky and showing support for the embattled country.",
L009,CBC,left,2022/5/23,"Impose 'maximum' sanctions on Russia, Ukraine's Zelensky urges World Economic Forum","Ukrainian President Volodymyr Zelensky_called for 'maximum' sanctions against Russia during speech to the World Economic Economic in Davos, Switzerland.",
L010,CBC,left,2022/6/27,Zelensky asks G7 leaders for better air defences and tougher sanctions on Russia,"The ongoing war in Ukraine moved from being a_distant, abstract_conflict to something more tangible for_the leaders of the world's seven wealthiest democracies_on Monday with an address by the embattled country's president.",
L011,CBC,left,2022/6/3,"How Volodymyr Zelensky has rallied Ukraine, night after night, during 100 days of war","One hundred days into a Russian invasion, Ukrainian President Volodymyr Zelensky is speaking to his people every night and rallying them to the continued fight to expel the invading forces from within Ukraine's borders.",
L012,CBC,left,2022/4/2,Zelensky alleges Russian troops leaving booby traps behind as Ukraine regains area near Kyiv,"Ukrainian troops moved cautiously to retake territory north of the country's capital on Saturday, using cables to pull the bodies of civilians off the streets in one town out of fear that Russian forces might have booby-trapped them before leaving.",
L013,CBC,left,2022/3/20,"Zelensky, Putin videos provide glimpse of evolving deepfake threat, experts say","A recent deepfake fail involving a likeness of Ukrainian President Volodymyr Zelensky may not have been convincing to the public, but experts fear more advanced versions of such deception_could wreak havoc in the future.",
L014,CBC,left,2022/4/15,"At least 2,500 Ukrainian troops have died since Russia invaded, Zelensky says","Ukrainian President Volodymyr Zelensky_said Friday that between 2,500 and 3,000 Ukrainian troops have died in the war with Russia and another 10,000 have been injured.",
L015,CBC,left,2022/4/18,"Russia launches 'battle for the Donbas' in Eastern Ukraine, Zelensky says",Ukrainian President Volodymyr Zelensky says Russia has begun its offensive to take control of Eastern Ukraine.,
L016,CBC,left,2022/4/24,Top U.S. officials meet with Zelensky in Ukraine as Russia continues to pound targets,The U.S. secretaries of state and defence met Sunday night with Ukrainian President Volodymyr Zelensky in the highest-level visit to the war-torn country's capital by an American delegation since the start of Russia's invasion.,
L017,CBC,left,2022/2/24,"As Russia attacks Ukraine on multiple fronts, some fear Zelensky's government is next target",Ukrainian President Volodymyr Zelensky says he is staying put in Kyiv even with Russian troops just 25 kilometers from the capital. An analyst says Russia could be looking to eliminate anyone who could potentially mount opposition to a Russian-installed regime.,
L018,CBC,left,2022/4/21,Trudeau says Canada is sending artillery to Ukraine. Here's what that could mean,Prime Minister Justin Trudeau said earlier this week that Canada will send artillery to Ukraine in response to a request from President Volodymyr Zelensky _ which would mark a shift in the nature of the military aid Canada is offering the embattled nation.,
L019,CBC,left,2022/5/23,"Russia waging 'total war' in Ukraine, says Zelensky","Ukrainian President Volodymyr Zelensky says Russia is waging ""total war"" on his country, and that includes inflicting as many casualties and destroying as much infrastructure as possible.",
L020,CBC,left,2022/4/19,Zelensky calls Russian army 'inhuman' as Moscow increases attacks on eastern Donbas,"Ukrainian President Volodymyr Zelensky says_the Russian military is throwing everything it has at Ukraine, with most of its combat-ready forces now concentrated in the country and just across its border in Russia.",
C021,NBC,center-left,2022-11-17,Zelenskyy insists missile strike in Poland didn__ come from Ukraine,Zelenskyy disputes NATO findings on Poland explosion.,
C022,NBC,center-left,2025-04-26,Trump and Zelenskyy meet at Vatican ahead of pope__ funeral,Trump and Zelenskyy meet for first time since Oval Office dispute.,
C023,NBC,center-left,2022-11-14,Zelenskyy visits Ukrainian city liberated from Russian occupation,Zelenskyy visits Kherson after Russia retreats.,
C024,NBC,center-left,2025-02-15,Zelenskyy says __ow chance_ Ukraine survives without US support,Zelenskyy warns Ukraine may not survive without US aid.,
C025,NBC,center-left,2024-04-21,Zelenskyy thanks Biden and Johnson for House passage of aid to Ukraine,Zelenskyy expresses gratitude for new US aid package.,
C026,NBC,center-left,2022-03-16,"Zelenskyy to address US Congress, plead for more help",Zelenskyy prepares virtual address urging Congress for no-fly zone and more aid.,
C027,NBC,center-left,2022-05-22,Zelenskyy family offers a glimpse of life in Ukraine following war,Zelenskyy and First Lady share life inside wartime Ukraine.,
C028,NBC,center-left,2023-11-05,Zelenskyy rejects that war with Russia is at __talemate_,Zelenskyy denies a stalemate despite severe challenges.,
C029,NBC,center-left,2022-04-04,Zelenskyy accuses Russians of __enocide_,Zelenskyy condemns atrocities in Kyiv__ suburbs.,
C030,NBC,center-left,2025-02-16,Zelenskyy warns of __igh risk_ Putin will invade NATO countries: Full interview,Zelenskyy warns Putin might prepare attacks on NATO states.,
C031,NBC,center-left,2022-03-16,WATCH: Zelenskyy__ full address to US Congress on Russian invasion,Full live-stream of Zelenskyy__ emotional address to U.S. Congress.,
C032,NBC,center-left,2025-08-11,Zelenskyy Rejects Idea of Giving up Land to Russia for Peace,Zelenskyy rejects Trump's suggestion Ukraine should cede land for peace.,
C033,NBC,center-left,2022-10-10,Zelenskyy accuses Russia of trying to wipe Ukraine off the Earth,Russia launches largest missile barrage since invasion.,
C034,NBC,center-left,2022-10-04,Elon Musk angers Zelenskyy over Twitter poll on Ukraine peace plan,Musk angers Zelenskyy with unsolicited peace plan tweet.,
C035,NBC,center-left,2025-02-28,Trump backpedals Zelenskyy __ictator_ comment ahead of meeting,Trump softens tone before minerals-related meeting with Zelenskyy.,
C036,NBC,center-left,2024-08-31,Zelenskyy asks permission for long-range strikes into Russia,Zelenskyy requests approval for deep strikes into Russia.,
C037,NBC,center-left,2025-03-02,Zelenskyy in UK for emergency summit after Oval Office blowup,Starmer hosts emergency summit after Zelenskyy__rump dispute.,
C038,NBC,center-left,2025-05-15,"Zelenskyy arrives in Turkey for peace talks, but Putin is absent",Zelenskyy arrives in Turkey for peace talks; Trump says he didn__ expect Putin to come.,
C039,NBC,center-left,2022-03-17,Ukraine__ Zelenskyy shares graphic video during address to Congress,Zelenskyy shares graphic video appealing for more U.S. support.,
C040,NBC,center-left,2023-11-05,Zelenskyy appeals to Congress for more aid amid political standoff,Zelenskyy returns to the U.S. asking Congress for additional Ukraine aid.,
C041,NPR,center-left,2024-09-26,Zelenskyy met with leaders in Washington to press for ongoing support for Ukraine,Franco Ordoñez President Biden welcomes Ukraine's President Zelenskyy with a pledge of additional military assistance. Zelenskyy also met with Vice President Harris and bipartisan groups in the House and Senate.,
C042,NPR,center-left,2025-08-19,How Ukrainians view the meeting between Trump and Zelenskyy,"A Martínez A MART_NEZ, HOST:",
C043,NPR,center-left,2025-08-16,Ukrainian president Volodymyr Zelenskyy to meet with Trump on Monday,By Jim Kane,
C044,NPR,center-left,2023-05-19,Ukraine's President Volodymyr Zelenskyy will attend the G-7 meeting in person,By Leila Fadel,
C045,NPR,center-left,2023-09-21,Ukrainian President Zelenskyy courts Washington for aid amid some GOP Resistance,Tamara Keith Ukraine's president visits Washington as the White House faces resistance from House Republicans for its latest funding request to help with the country's defense against Russia.,
C046,NPR,center-left,2023-12-12,Ukrainian President Zelenskyy is in Washigton to make plea to Congress for funding,By Mara Liasson,
C047,NPR,center-left,2025-03-02,How Washington is reacting to the heated Trump-Zelenskyy meeting,Luke Garrett President Trump meets with Ukrainian President Volodymyr Zelenskyy in the Oval Office at the White House on Friday.Mstyslav Cherno/APhide caption,
C048,NPR,center-left,2023-01-24,President Zelenskyy shakes up Ukraine's Cabinet amid corruption allegations,By Julian Hayda,
C049,NPR,center-left,2022-12-22,Zelenskyy told Congress continued aid is an investment in global security. Is it?,"LEILA FADEL, HOST: Ukrainian President Volodymyr Zelenskyy told a joint meeting of Congress last night U.S. aid can speed up a Ukrainian victory over Russia.",
C050,NPR,center-left,2025-06-24,Russian attacks on Ukraine kill 14 civilians asZelenskyytravels to UK,By The Associated Press,
C051,NPR,center-left,2025-03-03,"Zelenskyyin London, Gaza Ceasefire Status, Judicial Accountability","Ukraine's President Volodymyr Zelenskyy received a warm welcome in London from the British prime minister and other European leaders, after a contentious meeting with President Trump in Washington. Israel and Hamas are at loggerheads over the next phase of the six-week-old Gaza ceasefire. And, an NPR investigation finds gaps in the systems to report misbehavior by federal judges and a widespread culture of fear about reporting abuse.Want more comprehensive analysis of the most important news of the day, plus a little fun?Subscribe to the Up First newsletter.Today's episode of Up First was edited by Miguel Macias, Didi Schanche, Krishnadev Calamur, Alice Woelfle and Mohamad ElBardicy.It was produced by Ziad Buchh, Claire Murashima and Chris Thomas.We get engineering support from Zac Coleman, our technical director is David Greenburg",
C052,NPR,center-left,2022-11-15,Zelenskyy's arrival in Kherson underscores Ukraine's momentum in the war,By Jason Beaubien,
C053,NPR,center-left,2023-02-24,"A year since Russia invaded,Zelenskyysays Ukraine needs the support of the world",Joanna Kakissis Ukraine's president Volodymyr Zelenskyy gave a lengthy press conference in Kyiv Friday as the country marked one year since Russia's invasion.,
C054,NPR,center-left,2025-02-28,"Meeting Trump at White House, Zelenskyy hopes for continued aid in war with Russia","Joanna Kakissis Trump and Ukraine's President Volodymyr Zelenskyy shake hands during their meeting at Trump Tower, Sept. 27, 2024, in New York.Julia Demaree Nikhinson/APhide caption",
C055,NPR,center-left,2022-09-21,TopZelenskyyadviser discusses Ukraine's latest military moves,"Greg Myre AMART_NEZ, HOST:",
C056,NPR,center-left,2022-12-21,Zelenskyy leaves Ukraine for an unexpected and high-profile visit to the U.S.,By Leila Fadel,
C057,NPR,center-left,2025-04-21,"Zelenskyy pays tribute to the pope, who angered Ukrainians in recent years","Joanna Kakissis Ukrainian President Volodymyr Zelenskyyposted a photoof himself shaking hands with Pope Francis andpraisedthe pontiff as someone who ""knew how to give hope, ease suffering through prayer, and foster unity.",
C058,NPR,center-left,2023-05-22,"Latest in Ukraine: Zelenskyy scores F-16 training, as Russia claims to take Bakhmut","By President Biden walks with Ukrainian President Volodymyr Zelenskyy ahead of a working session on Ukraine during the Group of Seven summit in Hiroshima, Japan, Sunday. In a win for the Ukrainian leader, Biden supported training Ukraine's pilots to fly F-16s.Susan Walsh/APhide caption",
C059,NPR,center-left,2025-02-28,"ZelenskyyVisits DC, Tate Brothers In Florida, USAID Standoff, AOC and DOJ","The Ukrainian President is arriving in Washington to discuss a deal involving his country's rare earth minerals, social media influencers Andrew and Tristan Tate were charged with human trafficking in Romania and have now arrived in Florida, and the Supreme Court weighed in on a case involving frozen funds at USAID. Also, Rep. Ocasio-Cortez asks the Justice Department if she is under investigation.Want more comprehensive analysis of the most important news of the day, plus a little fun?Subscribe to the Up First newsletter.Today's episode of Up First was edited by Ryland Barton, Russell Lewis, Catherine Laidlaw, Janaya Williams and Alice Woelfle. It was produced by Ziad Buchh, Ben Abrams, Christopher Thomas and Paige Waterhouse. We get engineering support from Arthur Laurent, and our technical director is Carleigh Strange. Our Executive Producer is Kelley Dickens.",
C060,NPR,center-left,2025-03-02,Where US-Ukraine relations stand after the Trump-Zelenskyy standoff,By Greg Myre,
C061,NYTimes,center-left,2022-11-11,Zelensky says dozens of towns and villages in the Kherson region have been retaken.,"Russia’s announcement this week that it was retreating from parts of the Kherson region has been cast in doubt, as events have been obfuscated by the fog of war and concern rose in Kyiv that the Kremlin might be bluffing in an effort to draw Ukrainian troops into a trap.",
C062,NYTimes,center-left,2022-03-16,Zelensky’s Plea to Congress,Biden announced $800 million in new military aid to Ukraine.,
C063,NYTimes,center-left,2024-02-25,"31,000 Ukrainian Soldiers Killed in Two Years of War, Zelensky Says","The tally that President Volodymyr Zelensky revealed on Sunday differs sharply from that given by U.S. officials, who have said the number is closer to 70,000.",
C064,NYTimes,center-left,2022-03-17,Zelensky’s Powerful Plea to Congress,Readers react to President Volodymyr Zelensky’s speech and urge a no-fly zone in Ukraine. Also: Violence against Asian Americans; daylight saving time.,
C065,NYTimes,center-left,2022-04-05,Zelensky Accuses Russia of Atrocities and Criticizes U.N.’s Inaction,"In a blistering address to the United Nations Security Council, Ukraine’s president asked what use the body was if it would not intervene to stop a war of aggression.",
C066,NYTimes,center-left,2022-09-27,"At the United Nations, Zelensky rails against Russia for trying to ‘steal’ Ukrainian territory.","With Russia appearing poised to annex parts of eastern and southern Ukraine, President Volodymyr Zelensky of Ukraine lashed out at the Kremlin on Tuesday, telling the United Nations Security Council that Moscow was staging “sham” referendums at gunpoint as a prelude to stealing part of his country.",
C067,NYTimes,center-left,2022-03-11,President Zelensky Makes His Case for Ukraine to the Russian People,Americans are used to wars against people who don’t so casually speak our language. Zelensky can respond to Russian propaganda by directly addressing the Russian people — in Russian.,
C068,NYTimes,center-left,2022-12-21,Zelensky’s Message: Ukraine Is Fighting for Good Over Evil,One of the Ukrainian leader’s overriding aims is to prevent support for the war from becoming a partisan issue.,
C069,NYTimes,center-left,2025-04-28,Trump Talks About His Meeting With Zelensky at the Vatican,"President Trump spoke about his meeting with Ukraine’s leader in St. Peter’s Basilica, their first since a heated encounter in the Oval Office in February.",
C070,NYTimes,center-left,2022-03-15,Zelensky’s appeal to Canada: Imagine if Toronto were Kyiv.,The Ukrainian president’s emotional speech to Canadian lawmakers underscored how he has increasingly cast himself as a spokesman for liberal democracy.,
C071,NYTimes,center-left,2023-04-22,Zelensky Signs Ban on Russian Place Names in Struggle Over National Identity,The action late Friday was the latest in a series of steps by Ukraine to distance itself from a long legacy of Russian domination.,
C072,NYTimes,center-left,2022-04-11,Zelensky says Ukraine takes ‘as seriously as possible’ an apparent threat of Russian chemical weapon use.,A Ukrainian unit in Mariupol claimed Russian forces had used chemical weapons there. Their report could not be independently confirmed.,
C073,NYTimes,center-left,2025-03-04,Late Night Recaps Zelensky’s Casual Friday at the White House,"“I don’t see you asking Elon Musk if he owns a suit,” Seth Meyers said of the reporter who questioned Ukraine’s president about his attire.",
C074,NYTimes,center-left,2024-10-29,"With Limited Options, Zelensky Seeks a Path Forward for Ukraine",A muted response to Ukraine’s “victory plan” and steep challenges on the battlefield leave Kyiv searching for a Plan B.,
C075,NYTimes,center-left,2022-03-21,"Walls, Dreams and Genocide: Zelensky’s Speeches Invoke History to Rally Support","The Ukrainian leader, a former actor, has invoked emotional moments in the history of nations from which he is hoping to secure backing. We look at five of his recent speeches.",
C076,NYTimes,center-left,2022-04-04,Volodymyr Zelensky speaks to Grammys audience in a prerecorded video.,"The Ukrainian president, Volodymyr Zelensky, made a plea for support before John Legend performed, sharing the stage with a poet and a singer from Ukraine.",
C077,NYTimes,center-left,2022-05-23,Zelensky says Russian forces killed 87 people in an attack.,"The attack took place last week in the Chernihiv region north of the capital, Kyiv.",
C078,NYTimes,center-left,2025-04-24,Thursday Briefing: Trump Lashes Out at Zelensky,"Plus, the perfect pour-over coffee.",
C079,NYTimes,center-left,2024-02-08,"Zelensky Removes His Top General, in Major Shake-Up of Ukraine Military","Gen. Valery Zaluzhny led the effort that thwarted Russia’s initial assault on Kyiv. But his troops have struggled to make progress recently, and tensions have mounted with the civilian leadership.",
C080,NYTimes,center-left,2023-06-21,Allies Pledge Billions for Ukraine’s Recovery as Zelensky Stresses Urgency,"The price tag for reconstruction has soared, driving debate among U.S. and European officials, legal experts and others about using frozen Russian assets to pay for it.",
C081,CTV,center-left,2022-02-25,Defiant Zelensky releases video with top Ukrainian officials,President Zelensky released a video as Russians moved on Kyiv ...,
C082,CTV,center-left,2020-11-09,Ukraine's Zelensky tests positive for coronavirus,President Zelensky said he tested positive but felt fine ...,
C083,CTV,center-left,2025-03-03,Vancouver Island support for Ukraine grows after Friday__ Oval Office berating of Zelensky,Local volunteer responds after Oval Office berating of Zelensky ...,
C084,CTV,center-left,2022-03-18,'Madison is wrong': GOP backlash over Cawthorn grows after Zelensky insult,GOP members push back after insults against Zelensky ...,
C085,CTV,center-left,2022-02-28,How Zelensky is changing the West's response to Russia,Zelensky and his courageous defiance influence Western response ...,
C086,CTV,center-left,2022-03-05,Zelensky 'desperate' plea to U.S. Congress: Send more planes,Ukraine's leader made a desperate plea to U.S. lawmakers ...,
C087,CTV,center-left,2025-02-22,CTV National News: Zelensky calls for more support from allies,Zelensky calls for increased support from allied nations ...,
C088,CTV,center-left,2022-03-03,Comedy series starring Zelensky gets boost in popularity,__ervant of the People_ starring Zelensky surges in popularity ...,
C089,CTV,center-left,2022-03-10,Trudeau rejects Zelensky's request for a no-fly-zone,Trudeau says he denied Zelensky__ request due to escalation fears ...,
C090,CTV,center-left,2022-03-16,Zelensky invokes Sept. 11 in appeal to U.S. Congress,Zelensky references U.S. tragedies to appeal for aid ...,
C091,CTV,center-left,2022-03-15,"As Zelensky set to speak to Parliament, here's a look at other leaders who have spoken",Ukraine__ President Zelensky scheduled to address Canada__ Parliament ...,
C092,CTV,center-left,2022-03-24,Live updates: Zelensky reassures Ukraine in nightly address,Zelensky delivers nightly address to the nation ...,
C093,CTV,center-left,2022-03-15,Ukrainians in Ottawa react to Zelensky address with mixture of pride and heartbreak,Thousands watched as President Volodymyr Zelensky made his speech ...,
C094,CTV,center-left,2022-03-18,Facebook and YouTube say they removed Zelensky deepfake,Platforms remove deepfake of Zelensky ...,
C095,CTV,center-left,2022-03-14,Zelensky latest in long list of world leaders to address Parliament,When Ukrainian President Volodymyr Zelensky addresses Parliament ...,
C096,CTV,center-left,2022-03-21,Live updates: Zelensky hails protesters confronting troops,President Zelensky said he was prepared to discuss neutrality ...,
C097,CTV,center-left,2022-02-26,Zelensky refuses U.S. offer to evacuate,"Zelensky: 'I need ammunition, not a ride' ...",
C098,CTV,center-left,2025-11-19,Russian attack kills 25 as Zelenskyy meets Erdogan in Turkiye,Zelenskyy visits Turkiye for talks with Erdogan ...,
C099,CTV,center-left,2022-03-05,U.S. senators criticized after tweeting photos of Zoom call with Zelensky,Senators criticized for sharing Zelensky meeting photos ...,
C100,CTV,center-left,2025-02-28,A Russian state media reporter gained entry to the Oval Office for Trump-Zelensky sit-down,A member of Russia__ state-owned news agency gained access to the Oval Office ...,
C101,AP,center,2025-08-29,Zelenskyy visits latest missile attack site in Kyiv,Zelenskyy visited the site of a missile attack that killed several civilians.,
C102,AP,center,2025-01-03,"Trump__ strength and unpredictability can help end the war in Ukraine, Zelenskyy says",Zelenskyy said Trump__ unpredictability could help end the war.,
C103,AP,center,2025-03-01,The Latest: Most European leaders back Zelenskyy as he joins crisis talks in London,Zelenskyy joined crisis talks in London and thanked U.S. leadership despite prior tensions.,
C104,AP,center,2025-09-23,Zelenskyy holds a meeting with the President of Switzerland Karin Keller-Sutter on the sidelines of UNGA,Zelenskyy met Switzerland__ president during the UNGA.,
C105,AP,center,2025-08-02,Zelenskyy visits site of deadly Russian attack on Kyiv which killed 31 people,Zelenskyy visited the aftermath of a major missile/drone attack in Kyiv.,
C106,AP,center,2025-08-19,Sen. Lindsey Graham says Trump ready to __rush_ Russian economy if Putin avoids talks with Zelenskyy,Graham says Trump will impose harsh sanctions if Putin refuses peace talks with Zelenskyy.,
C107,AP,center,2025-05-14,Zelenskyy __aiting to see who will come from Russia_ for talks in Turkey,Zelenskyy said he is waiting to see who Russia will send to ceasefire talks in Turkey.,
C108,AP,center,2025-06-26,Zelenskyy approves plans on special tribunal to prosecute Russian leaders over Ukraine,Ukraine approved plans for a special tribunal to prosecute Russian leadership.,
C109,AP,center,2025-03-30,Trump finds fault with both Putin and Zelenskyy as he tries to push for deal,Trump criticized both leaders as he attempted to push a peace agreement.,
C110,AP,center,2025-02-17,Zelenskyy travels to UAE as momentum grows for talks to end Russia__ war in Ukraine,Zelenskyy traveled to the UAE amid growing momentum for peace talks.,
C111,AP,center,2025-10-17,"After Zelenskyy meeting, Trump calls on Ukraine and Russia to __top where they are_ and end the war",President Donald Trump is calling on Kyiv and Moscow to __top where they are_ and end their brutal war.,
C112,AP,center,2025-05-13,Zelenskyy says he will be waiting for Putin in Ankara for talks,Zelenskyy says he is ready to meet Putin in Ankara to negotiate an end to the war.,
C113,AP,center,2025-08-31,Zelenskyy announces arrest in shooting death of pro-Western Ukrainian politician Andriy Parubiy,Ukraine arrests a suspect in the killing of former parliament speaker Parubiy.,
C114,AP,center,2025-09-24,Zelenskyy to the UN: __e are now living through the most destructive arms race in history_,Zelenskyy warned world leaders about a dangerous global arms race.,
C115,AP,center,2025-10-01,Zelenskyy and UN atomic agency head warn of heightened risk at huge Ukrainian nuclear plant,Ukraine and the UN nuclear agency warn of rising risks at the occupied Zaporizhzhia plant.,
C116,AP,center,2025-01-10,Zelenskyy meets US Defence Secretary Austin in Germany,Zelenskyy and Austin urge continued U.S. military support for Ukraine.,
C117,AP,center,2025-08-21,Trump thanks Ukrainian serviceman for veteran__ golf putter presented to him by Zelenskyy,Zelenskyy gave Trump a golf putter that belonged to a Ukrainian serviceman.,
C118,AP,center,2025-08-12,Zelenskyy tells youth forum Putin and Trump cannot agree on anything without Ukraine present,Zelenskyy told a youth forum that Trump and Putin cannot decide anything about Ukraine without Ukraine being present.,
C119,AP,center,2025-08-18,Ukraine__ Zelenskyy arrives at White House to meet Trump on ending Russia__ war,Zelenskyy arrived with a large European delegation for peace talks.,
C120,AP,center,2025-10-31,"Russia deploys 170,000 troops for push in Ukraine__ Donetsk region, Zelenskyy says","Russia has deployed 170,000 troops in Donetsk aiming to seize Pokrovsk.",
C121,WSJ,center,2019-11-15,First Trump-Zelensky Call Shows None of the Pressure of the Second,,
C122,WSJ,center,2022-12-21,Zelensky Set to Visit Washington on Wednesday,,
C123,WSJ,center,2022-03-14,Ukraine__ Zelensky to Press Congress for More Military Gear,,
C124,WSJ,center,2022-12-22,Zelensky Deserves More U.S. Support,,
C125,WSJ,center,2023-07-02,Ukraine__ Zelensky Says He Will Beat Russia by Holding On to His Humanity,,
C126,WSJ,center,2022-04-23,"Antony Blinken and Lloyd Austin to Visit Ukraine, President Zelensky Says",,
C127,WSJ,center,2024-02-12,Zelensky__ Military Shake-Up Ties Him to Battlefield Performance,,
C128,WSJ,center,2023-04-05,Zelensky Visits Poland as Ukraine Pursues Support for Offensive,,
C129,WSJ,center,2022-05-12,Who Is Volodymyr Zelensky? What to Know About Ukraine__ President,,
C130,WSJ,center,2023-02-22,Ukraine__ Zelensky Is Challenged by Return of Domestic Political Troubles,,
C131,WSJ,center,2025-05-03,Face-to-Face at the Vatican: How Trump and Zelensky Made Up,,
C132,WSJ,center,2024-09-26,"Zelensky Presses Case for Missile Strikes, Tries to Patch Up GOP Support",,
C133,WSJ,center,2023-04-02,Russian Shelling Kills Six in Ukraine as Zelensky Criticizes Moscow__ U.N. Role,,
C134,WSJ,center,2024-05-07,Ukraine Says It Foiled Russian Plot to Assassinate Zelensky,,
C135,WSJ,center,2024-01-31,"Tensions Between Zelensky, Top General Spark Worry in the West and on the Front Line",,
C136,WSJ,center,2025-03-01,"Zelensky, Who Stood Up to Putin, Now Refuses to Bow to Trump",,
C137,WSJ,center,2022-06-01,"Ukraine Won__ Attack Russian Territory, Zelensky Says",,
C138,WSJ,center,2025-02-23,Ukraine__ Zelensky Wants Better Terms on Minerals Deal Demanded by Trump,,
C139,WSJ,center,2024-06-26,Zelensky__ Formidable Task: Keeping the West and His Citizens On Board,,
C140,WSJ,center,2024-09-24,Zelensky Appeals for More Pressure on Russia in U.N. Speech,,
C141,GlobalNews,center,2025/2/19,Ukraine says it will defend existence as Trump calls Zelenskyy a __ictator_,"Ukrainian President Volodymyr Zelenskyy said he __ould like Trump__ team to be more truthful"" after Trump suggested Ukraine __hould have never started_ the war.",
C142,GlobalNews,center,2024/9/26,"Harris, Biden pledge continued Ukraine support as Zelenskyy visits Washington","The bulk of the new aid, US$5.5 billion, is to be allocated before Monday's end of the U.S. fiscal year, when the funding authority is set to expire.",
C143,GlobalNews,center,2023/3/10,"Canada pushing China to include Ukraine in talks with Russia to end war, Joly says","Canada's foreign minister says she has asked her Chinese counterpart to have his country's president, Xi Jinping, speak with Ukrainian President Volodymyr Zelenskyy.",
C144,GlobalNews,center,2023/12/19,Ukraine weighing military__ request to mobilize another 500K for war: Zelenskyy,"Volodymyr Zelenskyy said it was a ""highly sensitive"" issue that the military and government would discuss before deciding whether to send the proposal to parliament.",
C145,GlobalNews,center,2022/12/21,"__our support is crucial,_ Ukraine__ Zelenskyy tells U.S. Congress in historic address","The Ukrainian president pressed lawmakers to continue their support to help fight off Russia's invasion, as some Republicans openly question the need for further U.S. funds.",
C146,GlobalNews,center,2022/11/9,Sean Penn loans Oscar statuette to Ukrainian president Volodymyr Zelenskyy,"In a symbolic gesture, Sean Penn presented his Oscars statuette to Ukrainian president Volodymyr Zelenskyy during a recent meeting in Kyiv.",
C147,GlobalNews,center,2022/9/27,Zelenskyy says no talks with Putin if Ukrainian land annexed,"Ukrainian President Vodymyr Zelenskyy urged additional military and financial support to defend Ukraine ""so the aggressor would lose.""",
C148,GlobalNews,center,2023/6/13,Russian missiles kill at least 10 people in Zelenskyy__ hometown,The devastation comes as Ukrainian forces are mounting counteroffensive operations using Western-supplied firepower to try to drive out the Russians.,
C149,GlobalNews,center,2022/12/20,Ukraine__ Zelenskyy set to visit Washington in 1st overseas trip of war: reports,"Sources familiar with the plans said Zelenskyy's visit on Wednesday, while expected, could still be called off at the last minute due to security concerns.",
C150,GlobalNews,center,2024/1/15,"Switzerland hosts Ukraine__ Zelenskyy, offers to hold peace summit with Russia",The two presidents said the Ukrainian and Swiss teams will begin preparations for the Global Peace Summit in Switzerland as early as Tuesday.,
C151,GlobalNews,center,2022/12/7,Ukraine President Volodymyr Zelenskyy named Time magazine__ person of the year,The U.S. magazine acknowledged Ukrainian President Volodymyr Zelenskyy's leadership during Russia__ invasion and also paid tribute to the people of Ukraine.,
C152,GlobalNews,center,2024/10/16,Zelenskyy says Ukraine __ictory plan_ will force Russia toward peace,"Zelenskyy told parliament his plan contained_five main points_that were in the hands of his allies, including an unconditional invite to join NATO now and weapons support.",
C153,GlobalNews,center,2023/2/24,Brad Paisley drops song feat. Zelenskyy on 1st anniversary of Russian invasion,"Brad Paisley released a new song entitled_'Same Here' featuring Ukrainian President Volodymyr Zelenskyy_Friday, marking one year since Russia initiated war in Ukraine.",
C154,GlobalNews,center,2023/5/12,Eurovision organizers reject Zelenskyy__ request to make video address at contest,"This weekend's Eurovision Song Contest will have Ukrainian flags, Ukrainian musicians and Ukrainian fans - but not the country's wartime leader.",
C155,GlobalNews,center,2024/5/7,Ukraine says it foiled a Russian spy plot to assassinate Zelenskyy,"Two colonels in the State Guard of Ukraine were detained on suspicion of enacting the plan drawn up by Russia__ Federal Security Service, a statement said.",
C156,GlobalNews,center,2023/9/21,Zelenskyy makes case for more aid to U.S. Congress as support under strain,"Ukrainian President Volodymyr Zelenskyy returned to Washington for a whirlwind one-day visit, this time facing pressure from Republicans questioning U.S. aid to Ukraine.",
C157,GlobalNews,center,2024/8/23,"Biden speaks to Zelenskyy, pledges U.S. military aid for Ukraine Independence Day","The U.S. also imposed sanctions on more than 400 entities and individuals for supporting Russia's war effort in Ukraine, including Chinese companies.",
C158,GlobalNews,center,2024/9/27,"Trump, meeting with Zelenskyy, says he has __ood relationship_ with Putin","As he was preparing to sit down for the Friday meeting, Trump was asked by a reporter if Ukraine could win the war and he replied, __ure. They could._",
C159,GlobalNews,center,2022/11/6,"Russia __uffering serious losses_ in eastern Ukraine, Zelenskyy says","""Very fierce Russian attacks on Donetsk region are continuing. The enemy is suffering serious losses there,"" Zelenskyy said in a video address.",
C160,GlobalNews,center,2023/9/19,Ukraine__ Zelenskyy will visit Canada for 1st time since Russian invasion: sources,"Canada has been a fervent supporter of Ukraine during the war, with Prime Minister Justin Trudeau and Ukrainian President Volodymyr Zelenskyy speaking often.",
C161,WSJOpinions,center-right,2025-03-05,Zelensky Issues a Tacit Apology,,
C162,WSJOpinions,center-right,2024-09-27,Zelensky Blunders Into U.S. Election Politics,,
C163,WSJOpinions,center-right,2022-04-01,"Churchill, Zelensky and the American Right",,
R164,FoxNews,right,2025-02-24,"Zelenskyy names his terms for giving up power as US, Ukraine lock in on mineral deal",Zelenskyy demands guarantees as Washington pressures him.,
R165,FoxNews,right,2025-07-17,Ukraine's Zelenskyy names new prime minister,Zelenskyy appoints new PM amid ongoing war.,
R166,FoxNews,right,2025-02-07,Trump plans to meet with Zelenskyy as he looks to end Ukraine war,Trump says Zelenskyy may visit DC soon.,
R167,FoxNews,right,2025-02-27,Trump says 'I can't believe I said that' when asked if he still thinks Zelenskyy is a dictator,Trump dodges Zelenskyy dictator remark during meeting with Starmer.,
R168,FoxNews,right,2025-02-28,"Trump, Vance and Zelenskyy spar over Russian war in tense exchange: 'Very disrespectful'","President Donald Trump, Vice President JD Vance and Ukraine President Volodymyr Zelenskyy sparred during a meeting at the White House to end the Russia-Ukraine War.",
R169,FoxNews,right,2025-02-28,Here's the real reason Trump and Zelenskyy's deal blew up in the Oval Office,Trump__elenskyy meeting exploded over lack of security guarantees.,
R170,FoxNews,right,2025-08-07,Zelenskyy tells Putin to 'be brave' and finally agree to trilateral meeting with Trump,Zelenskyy pushes Putin for three-way peace meeting.,
R171,FoxNews,right,2025-10-22,Trump meets NATO__ Rutte amid canceled Putin meeting: 'It didn't feel right to me',Trump meets NATO chief after Zelenskyy White House visit.,
R172,FoxNews,right,2025-08-17,Ukrainian designer predicts Zelenskyy will wear military suit for high-stakes Trump meeting,Designer says Zelenskyy will likely choose military-style clothing for DC meeting.,
R173,FoxNews,right,2025-02-25,Trump says minerals deal has been 'pretty much' negotiated with Zelenskyy,Mineral deal nearly finalized between U.S. and Ukraine.,
R174,FoxNews,right,2025-03-04,Fox News' Zelenskyy interview watched by 6.4 million viewers,Baier interview with Zelenskyy surpasses major networks.,
R175,FoxNews,right,2025-09-24,"Zelenskyy at UN: __eak_ global bodies can__ stop Putin, only __riends and weapons_ can",Zelenskyy warns UN that Putin plans wider war.,
R176,FoxNews,right,2022-03-17,"Volodymyr Zelenskyy, 'the Churchill of our time': Reporter's Notebook",Zelenskyy portrayed as modern Churchill amid plea for weapons.,
R177,FoxNews,right,2025-09-07,Zelenskyy accuses Trump of giving Putin 'what he wanted' at Alaska summit,Zelenskyy criticizes Trump__utin summit outcome.,
R178,FoxNews,right,2024-09-23,Zelenskyy warns Vance__ plan to give Russia seized land will lead to __lobal showdown_,Zelenskyy says Vance's proposal would trigger global war.,
R179,FoxNews,right,2025-08-17,"European leaders will join Trump-Zelenskyy meeting, signaling solidarity with Ukraine",European leaders including France's Macron and UK's Starmer join Zelenskyy for crucial Washington meeting with Trump.,
R180,FoxNews,right,2025-03-01,Zelenskyy meets with British Prime Minister Keir Starmer in London following Trump Oval Office clash,Zelenskyy meets with UK PM after tense US meeting.,
R181,FoxNews,right,2025-02-19,Trump calls Ukraine's Zelenskyy a 'dictator without elections',Trump slams Zelenskyy after Saudi peace talks.,
R182,FoxNews,right,2025-08-07,Zelenskyy tells Putin to 'be brave' and finally agree to trilateral meeting,Zelenskyy challenges Putin to join peace talks.,
R183,FoxNews,right,2022-08-12,Ukrainian President Zelenskyy will soon have his own action figure,"Action figure of Zelenskyy raises $139,000 in crowdfunding.",
R184,FoxNews,right,2025-09-16,Trump and Zelenskyy to meet as Poland pressures NATO on no fly zone over Ukraine,Possible Zelenskyy__rump meeting during UN summit.,
R185,FoxNews,right,2025-08-15,Key takeaways from Trump-Putin summit as meeting with Zelenskyy might be next,Zelenskyy likely next in diplomatic sequence after Alaska summit.,
R186,FoxNews,right,2025-02-28,"World leaders back Zelenskyy following Trump, Vance Oval Office spat",Global leaders reaffirm support for Zelenskyy.,
R187,FoxNews,right,2025-08-18,Russian drone strikes kill 7 in Kharkiv during Zelenskyy's White House meeting with Trump,Deadly drone attacks strike Kharkiv during Zelenskyy's DC visit.,
R188,FoxNews,right,2025-05-18,"Zelenskyy sheds details on meeting with Vance, Rubio in Rome after Russia peace talks stall",Zelenskyy discusses stalled Russia peace talks in Rome.,
R189,FoxNews,right,2025-08-18,Trump moves to broker Putin-Zelenskyy meeting following DC peace talks,Trump announces plans for trilateral meeting.,
R190,FoxNews,right,2025-08-06,Trump open to meet Putin face-to-face next week followed by three-way talks with Zelenskyy,Trump schedules meetings with Putin and Zelenskyy.,
R191,FoxNews,right,2025-09-25,Zelenskyy tells Kremlin leaders they should 'know where the bomb shelters are',Zelenskyy warns Moscow officials amid escalation.,
R192,FoxNews,right,2022-05-06,Ukrainian President Zelenskyy to join virtual G7 summit,Zelenskyy set to join Biden and G7 leaders for virtual summit.,
R193,FoxNews,right,2025-02-28,Who could lead Ukraine if Zelenskyy resigns?,Uncertainty looms over Ukrainian leadership if Zelenskyy steps down.,
R194,FoxNews,right,2025-07-06,Zelenskyy touts 'fruitful' Trump call after US president disappointed by Putin talk,Zelenskyy and Trump held a strategic call about air defense and Patriot missiles.,
R195,FoxNews,right,2025-08-18,"5 key moments inside Trump__ __ig day_ with Zelenskyy, European leaders",Zelenskyy__rump meeting highlighted as major diplomatic moment.,
R196,FoxNews,right,2025-08-17,"European leaders will join Trump-Zelenskyy meeting, signaling solidarity with Ukraine",European leaders including France's Macron and UK's Starmer join Zelenskyy for crucial Washington meeting with Trump.,
R197,FoxNews,right,2025-03-02,Trump commerce secretary shreds Zelenskyy's security guarantee requests: 'Just ridiculous',Commerce secretary rejects Zelenskyy's terms for peace deal.,
R198,FoxNews,right,2025-09-03,Putin invites Zelenskyy to a meeting in Moscow,Putin suggests Zelenskyy meet in Moscow amid escalation.,
R199,FoxNews,right,2025-08-19,"Trump reflects on Ukraine peace talks, working toward Putin-Zelenskyy meeting",Trump discusses efforts to arrange peace meeting.,
R200,FoxNews,right,2025-09-24,"Zelenskyy at UN: __eak_ global bodies can__ stop Putin, only __riends and weapons_ can",Zelenskyy says UN can't stop Putin alone.,
