date,title,short_opening,url,label,sentiment,outlet,shortopening,is_personal
2025-11-18,Zelenskyy visits Picasso__ __uernica_ painting after drawing parallel to Ukraine__ bombing,Ukraine__ President Volodymyr Zelenskyy visited Spain and stopped to see Pablo Picasso__ __uernica_ in Madrid.,https://apnews.com/article/zelenskyy-ukraine-spain-russia-war-ed58ec3cd0d7995b9e9dff3090a30076,Diplomatic Engagements,neutral,zelensky_ap_filtered,,
2025-11-18,Zelenskyy will visit Turkey in a new bid to jump-start talks to end Russia__ invasion,"Ukrainian President Volodymyr Zelenskyy plans to visit Turkey this week to revive talks on ending Russia__ invasion, which began nearly four years ago.",https://apnews.com/article/russia-ukraine-war-turkey-negotiations-spain-france-6a739b523cb926d92f2bf44b24dfc3c3,Diplomatic Engagements,neutral,zelensky_ap_filtered,,
2025-08-29,Zelenskyy seeks talks with Trump and European leaders on slow progress of peace efforts with Russia,Zelenskyy says Ukraine wants meetings with Trump and EU leaders to discuss peace talks.,https://apnews.com/article/russia-ukraine-kyiv-attack-putin-trump-47e0fa10cded79063cf8cb9db7a2bcb7,Diplomatic Engagements,neutral,zelensky_ap_filtered,,
2025-08-18,"Back in the Oval Office, Zelenskyy wears a blazer and Trump doesn__ shout",Zelenskyy and Trump meet again in the Oval Office with a notably calmer tone.,https://apnews.com/article/zelenskyy-trump-blazer-white-house-russia-ukraine-war-81ce5677450d039552aa12e134739da6,Diplomatic Engagements,positive,zelensky_ap_filtered,,
2025-10-16,Zelenskyy arrives in the US ahead of his meeting with Trump,Ukrainian President Volodymyr Zelenskyy arrived in the U.S. ahead of his meeting with President Trump.,https://apnews.com/video/ukraine-president-zelenskyy-arrives-in-the-us-ahead-of-his-meeting-with-trump-8dc38d9658954e97abf8fa63215e2217,Diplomatic Engagements,neutral,zelensky_ap_filtered,,
2025-10-16,Trump says he__l meet with Putin in Hungary. He first meets Friday with Zelenskyy at the White House,Trump plans to meet Zelenskyy before a scheduled sit-down with Putin.,https://apnews.com/article/trump-zelenskyy-putin-russia-ukraine-e3a1d62d2a24f459aa6dbbfa940e1067,Diplomatic Engagements,neutral,zelensky_ap_filtered,,
2025-10-17,Zelenskyy says Trump now has __omentum_ to stop Russia-Ukraine war,Zelenskyy says Trump now has momentum needed to help end the war.,https://apnews.com/video/zelenskyy-says-trump-now-has-momentum-to-stop-russia-ukraine-war-a1b5e62d58634e3a8a91f9b84f3f4cb3,Diplomatic Engagements,neutral,zelensky_ap_filtered,,
2025-10-24,Zelenskyy meets King Charles at Windsor Castle,Zelenskyy met King Charles to discuss European security commitments.,https://apnews.com/video/zelenskyy-meets-king-charles-at-windsor-castle-0dde6a5ab14f4af7ae7c26a274bd11d7,Diplomatic Engagements,neutral,zelensky_ap_filtered,,
2025-11-19,Ukrainian President Zelenskyy meets Turkish President Erdogan in Ankara in search of diplomatic support,Zelenskyy seeks Turkish diplomatic backing against Russia.,https://apnews.com/video/ukrainian-president-zelenskyy-meets-turkish-president-erdogan-in-ankara-in-search-of-diplomatic-support-5fb377274228407f8017940724779d33,Diplomatic Engagements,neutral,zelensky_ap_filtered,,
2025-10-14,Zelenskyy says there is __omentum_ for peace in Ukraine after Gaza ceasefire,Zelenskyy praises Trump__ role in securing Gaza ceasefire and sees momentum for peace.,https://apnews.com/video/zelenskyy-says-there-is-momentum-for-peace-in-ukraine-after-gaza-ceasefire-47a4f1f7a22a4bc1beae3ef2c665ef4a,Diplomatic Engagements,positive,zelensky_ap_filtered,,
2025-07-09,Ukraine__ Zelenskyy meets with Pope Leo XIV. Both propose the Vatican as site for peace talks,Zelenskyy and Pope Leo XIV discuss Vatican-hosted peace talks.,https://apnews.com/article/vatican-pope-leo-zelenskyy-children-taken-ukraine-cb1437b87d9970d0642648152979fcd0,Diplomatic Engagements,neutral,zelensky_ap_filtered,,
2025-09-24,Macron and Zelenskyy hold bilateral meeting at the United Nations,Macron and Zelenskyy met on the sidelines of the UN General Assembly.,https://apnews.com/video/macron-and-zelensky-hold-bilateral-meeting-at-the-united-nations-d25c943c7c194a0eb1b0c65a9ffb20ee,Diplomatic Engagements,neutral,zelensky_ap_filtered,,
2025-10-03,Zelenskyy meets European leaders in Copenhagen at 7th European Political Community Summit,Zelenskyy met with several European leaders during the EPC summit.,https://apnews.com/video/zelenskyy-meets-european-leaders-in-copenhagen-at-7th-european-political-community-summit-5f36428095924e1d9d68b33812b5af72,Diplomatic Engagements,neutral,zelensky_ap_filtered,,
2025-09-23,Zelenskyy holds a meeting with the President of Switzerland Karin Keller-Sutter on the sidelines of UNGA,Zelenskyy met Switzerland__ president during the UNGA.,https://apnews.com/video/zelenskyy-holds-a-meeting-with-the-president-of-switzerland-karin-kellersutter-on-the-sidelines-of-unga-80faba9a6f3b49ae81ce9dfab0e8f3b0,Diplomatic Engagements,neutral,zelensky_ap_filtered,,
2025-08-18,"Zelenskyy arrives at White House, meeting with Trump and European leaders.",Zelenskyy was welcomed at the West Wing by Trump ahead of meetings.,https://apnews.com/video/zelenskyy-arrives-at-white-house-meeting-with-trump-and-european-leaders-77855e091de942028c277d8c622471a1,Diplomatic Engagements,neutral,zelensky_ap_filtered,,
2025-10-16,Expert says Russia-Ukraine war ceasefire __nlikely_ as Trump set to meet Zelenskyy,Analysts say a ceasefire remains unlikely before Trump__elenskyy talks.,https://apnews.com/video/expert-says-russia-ukraine-war-ceasefire-unlikely-as-trump-set-to-meet-zelenskyy-5004e56b78bc449b9d8950ba6ef5ca6b,Diplomatic Engagements,neutral,zelensky_ap_filtered,,
2025-05-13,Zelenskyy says he will be waiting for Putin in Ankara for talks,Zelenskyy says he is ready to meet Putin in Ankara to negotiate an end to the war.,https://apnews.com/article/russia-ukraine-war-putin-zelenskyy-istanbul-b4a256f946ce892d6b2a7dfb0f3fba5b,Diplomatic Engagements,neutral,zelensky_ap_filtered,,
2025-07-22,Zelenskyy renews offer to meet with Putin as officials say Russian attacks kill a child in Ukraine,Zelenskyy renewed his offer for direct talks with Putin.,https://apnews.com/article/russia-ukraine-war-drones-peace-talks-a430896831b7bf527d36bf036c02c460,Diplomatic Engagements,neutral,zelensky_ap_filtered,,
2025-10-24,Starmer and Zelenskyy deliver statements during Coalition of the Willing meeting in London,Keir Starmer and Volodymyr Zelenskyy delivered statements after a __oalition of the Willing_ meeting in London.,https://apnews.com/video/starmer-and-zelenskyy-deliver-statements-during-coalition-of-the-willing-meeting-in-london-8c6fca5d25634a4a93af62e85bef15ea,Diplomatic Engagements,neutral,zelensky_ap_filtered,,
2025-08-19,Zelenskyy thanks Trump multiple times during meeting,Zelenskyy repeatedly thanked Trump during their meeting after past criticism from J.D. Vance.,https://apnews.com/video/zelenskyy-thanks-trump-multiple-times-during-meeting-a92f99b6805e4513b349ad5200784726,Diplomatic Engagements,neutral,zelensky_ap_filtered,,
2025-08-14,Zelenskyy meets Starmer in London ahead of Trump-Putin summit,Zelenskyy met UK PM Starmer a day before the Trump__utin summit.,https://apnews.com/video/zelenskyy-meets-starmer-in-london-ahead-of-trump-putin-summit-4e7e358e674b488da39e8be46a8478cd,Diplomatic Engagements,neutral,zelensky_ap_filtered,,
2025-06-16,Ukraine__ Zelenskyy wins non-military backing from Austria,Zelenskyy won non-military support from Austria one day before a G7 visit.,https://apnews.com/article/zelenskyy-bellen-stocker-austria-ukraine-russia-nehammer-b34378ff9e1dee50d84c952955e609a7,Diplomatic Engagements,positive,zelensky_ap_filtered,,
2025-09-05,Zelenskyy tells forum Ukraine is preparing strength to pressure Russia towards peace,Zelenskyy said Ukraine is building a new multi-domain security system to pressure Russia toward peace.,https://apnews.com/video/zelenskyy-tells-forum-ukraine-is-preparing-strength-to-pressure-russia-towards-peace-091e1c4c20fa425cb5f094a661bfddf8,Diplomatic Engagements,neutral,zelensky_ap_filtered,,
2025-08-17,Zelenskyy visits EU headquarters ahead of Washington summit,Zelenskyy met with EU Commission President von der Leyen ahead of a summit.,https://apnews.com/video/zelenskyy-visits-eu-headquarters-ahead-of-washington-summit-4be76aa2b26b441e8803be5417495c46,Diplomatic Engagements,neutral,zelensky_ap_filtered,,
2025-05-12,Zelenskyy hopes for ceasefire with Russia and challenges Putin to meet him in Turkey,Zelenskyy challenged Putin to personally attend ceasefire talks in Turkey.,https://apnews.com/article/russia-ukraine-war-ceasefire-2b3d2fad88436c5406ea63f81ac554ef,Diplomatic Engagements,neutral,zelensky_ap_filtered,,
2025-08-14,Zelenskyy arrives meets with UK PM Keir Starmer in London; pair ignore reporters_ questions,UK Prime Minister Keir Starmer welcomed Ukrainian President Volodymyr Zelenskyy in London ahead of a major U.S.__ussia summit.,https://apnews.com/video/zelenskyy-arrives-meets-with-uk-pm-keir-starmer-in-london-pair-ignore-reporters-questions-6a4d46da46e945a680f206581d28c71b,Diplomatic Engagements,neutral,zelensky_ap_filtered,,
2025-08-18,Zelenskyy signals openness to three-way meeting with Trump and Putin,"Zelenskyy said Trump will try to organize a trilateral meeting between Ukraine, Russia and the United States.",https://apnews.com/video/zelenskyy-signals-openness-to-three-way-meeting-with-trump-and-putin-5178939250ee4e74a2a9d61d3d25600b,Diplomatic Engagements,positive,zelensky_ap_filtered,,
2025-08-07,Zelenskyy says Ukraine should take part in US negotiations with Russia,Zelenskyy says Ukraine must be included in any US__ussia peace discussions.,https://apnews.com/video/zelenskyy-says-ukraine-should-take-part-in-us-negotations-with-russia-173f5469db264786957c53641ba40d18,Diplomatic Engagements,neutral,zelensky_ap_filtered,,
2025-03-01,Zelenskyy embraced by British prime minister a day after White House blowout,The UK reaffirmed support for Ukraine one day after Zelenskyy__ contentious meeting with Trump.,https://apnews.com/article/zelenskyy-starmer-uk-british-white-house-trump-a05e6ec1c37aabdbb5067d8ce87d6d1e,Diplomatic Engagements,positive,zelensky_ap_filtered,,
2025-08-13,Zelenskyy arrives in Berlin to speak to allies ahead of Trump-Putin summit,Zelenskyy and German leaders prepared coordinated positions ahead of a Trump-Putin summit.,https://apnews.com/video/zelenskyy-arrives-in-berlin-to-speak-to-allies-ahead-of-trump-putin-summit-3f59e0e4a87f4a82a40ab0f477a1b153,Diplomatic Engagements,neutral,zelensky_ap_filtered,,
2025-04-24,Trump says Zelenskyy is prolonging war by resisting calls to cede Crimea to Russia,Trump criticized Zelenskyy for refusing to hand Crimea to Russia in peace proposals.,https://apnews.com/article/russia-ukraine-war-peace-talks-london-4f35dc70f521e2363218f4c40748caba,Diplomatic Engagements,negative,zelensky_ap_filtered,,
2025-08-18,Zelenskyy signals openness to three-way meeting with Trump and Putin,Zelenskyy said a trilateral negotiation may be possible.,https://apnews.com/video/zelenskyy-signals-openness-to-three-way-meeting-with-trump-and-putin-4b25249826104d09a35ead9c29896878,Diplomatic Engagements,positive,zelensky_ap_filtered,,
2025-04-22,Zelenskyy pushes back on ceding Ukrainian land in potential peace deal ahead of London talks,Zelenskyy rejected surrendering Ukrainian territory as part of peace conditions.,https://apnews.com/article/russia-ukraine-war-drone-attack-peace-talks-be98e85000b8e0f24a2d7ada71f3861d,Diplomatic Engagements,neutral,zelensky_ap_filtered,,
2025-08-09,"Zelenskyy rejects formally ceding territory, says Kyiv must be part of negotiations",Zelenskyy insisted Kyiv must participate in any negotiations.,https://apnews.com/video/zelenskyy-rejects-formally-ceding-ukrainian-territory-says-kyiv-must-be-part-of-any-negotiations-5ded6552583145aea95756c582b83edf,Diplomatic Engagements,neutral,zelensky_ap_filtered,,
2025-08-18,Ukraine__ Zelenskyy arrives at White House to meet Trump on ending Russia__ war,Zelenskyy arrived with a large European delegation for peace talks.,https://apnews.com/video/ukraines-zelenskyy-arrives-at-white-house-to-meet-trump-on-ending-russias-war-ae5ebc91ab964e6fb9921a90acbee41a,Diplomatic Engagements,neutral,zelensky_ap_filtered,,
2025-08-18,European leaders arrive at the White House for talks with Trump and Zelenskyy,European leaders joined Zelenskyy and Trump for peace meetings.,https://apnews.com/video/european-leaders-arrive-at-the-white-house-for-talks-with-trump-and-zelenskyy-on-the-ukraine-war-5a384a7734134f1db2464a62817ca7aa,Diplomatic Engagements,neutral,zelensky_ap_filtered,,
2025-07-21,"New round of Russia-Ukraine peace talks set for Wednesday, Zelenskyy says",Zelenskyy said Ukraine and Russia would hold another round of peace talks on Wednesday.,https://apnews.com/video/new-round-of-russia-ukraine-peace-talks-set-for-wednesday-zelenskyy-says-63f46abef1ef450f80bc93a6c2867710,Diplomatic Engagements,neutral,zelensky_ap_filtered,,
2025-08-12,Zelenskyy tells youth forum Putin and Trump cannot agree on anything without Ukraine present,Zelenskyy told a youth forum that Trump and Putin cannot decide anything about Ukraine without Ukraine being present.,https://apnews.com/video/zelenskyy-tells-youth-forum-putin-and-trump-cannot-agree-on-anything-without-ukraine-present-7a81afb29f6541fbaff715c30556b184,Diplomatic Engagements,neutral,zelensky_ap_filtered,,
2025-08-18,Italian PM meets Zelenskyy and other European leaders ahead of Trump summit,Italy__ Prime Minister met Zelenskyy and European leaders in Washington before a Trump__utin summit.,https://apnews.com/video/italian-pm-meets-zelenskyy-and-other-european-leaders-ahead-of-trump-summit-4d6cc17d6feb4a709b89ee1d9eaab98c,Diplomatic Engagements,neutral,zelensky_ap_filtered,,
2025-07-20,Zelenskyy says Ukraine proposed to Russia to hold next round of talks next week,Zelenskyy said Ukraine proposed to Russia to resume peace talks next week.,https://apnews.com/video/zelenskyy-says-ukraine-proposed-to-russia-to-hold-next-round-of-talks-next-week-720441f714ea4daba976890c252e05bb,Diplomatic Engagements,neutral,zelensky_ap_filtered,,
2025-07-14,Zelenskyy meets with US envoy Kellogg as US pledges more Patriot missiles to Ukraine,Zelenskyy met U.S. envoy Kellogg as Washington prepared to send more Patriot systems.,https://apnews.com/video/zelenskyy-meets-with-us-envoy-kellogg-as-us-pledges-more-patriot-missiles-to-ukraine-b5956bbcb8a5418eb8d944c90edb1b6a,Diplomatic Engagements,neutral,zelensky_ap_filtered,,
2025-09-11,"Zelenskyy meets US envoy Kellogg in Kyiv, on day after Russian drone incursion in Poland",Zelenskyy met the U.S. envoy after a Russian drone entered Polish airspace.,https://apnews.com/video/zelenskyy-meets-us-envoy-kellogg-in-kyiv-on-day-after-russian-drone-incursion-in-poland-1e1eddddc9d142aeb1f2f07d4bfc0f7a,Diplomatic Engagements,neutral,zelensky_ap_filtered,,
2025-08-18,"Zelenskyy, Trump express hope for trilateral talks with Putin to bring end to Russia-Ukraine war",Trump and Zelenskyy expressed hope for trilateral talks with Putin to end the war.,https://apnews.com/video/zelenskyy-trump-express-hope-for-trilateral-talks-with-putin-to-bring-end-to-russia-ukraine-war-a2a779cb51dc4305a93ce18189b51c61,Diplomatic Engagements,neutral,zelensky_ap_filtered,,
2025-08-18,"Zelenskyy, Trump express hope for trilateral talks with Putin to bring end to Russia-Ukraine war",Trump and Zelenskyy repeated hope for three-way talks aimed at ending the conflict.,https://apnews.com/video/zelenskyy-trump-express-hope-for-trilateral-talks-with-putin-to-bring-end-to-russia-ukraine-war-a13d5e8e60024c0e88a7817a2528a0da,Diplomatic Engagements,neutral,zelensky_ap_filtered,,
2025-02-14,Zelenskyy to Vance: Ukraine wants __ecurity guarantees_ as Trump seeks to end Ukraine-Russia war,Zelenskyy said Ukraine needs firm security guarantees before peace talks.,https://apnews.com/article/vance-rubio-munich-security-conference-ukraine-ab2d7379aaf6ca224cc51e1f9ade9edf,Diplomatic Engagements,neutral,zelensky_ap_filtered,,
2025-08-18,Zelenskyy brings Europe__ top leaders with him to meet Trump on ending Russia__ war,Zelenskyy brought top EU leaders to Washington for peace talks with Trump.,https://apnews.com/video/zelenskyy-brings-europes-top-leaders-with-him-to-meet-trump-on-ending-russias-war-422fda1e0d4249c0aa882f1573c8466d,Diplomatic Engagements,neutral,zelensky_ap_filtered,,
2025-03-04,"Zelenskyy calls Oval Office spat with Trump __egrettable,_ says he__ ready to work for Ukraine peace",Zelenskyy said last week__ Oval Office blowup with Trump was regrettable and urged a reset.,https://apnews.com/article/russia-ukraine-war-trump-zelenskyy-military-aid-2ce8b167f0ba948b2b606381192de71d,Diplomatic Engagements,neutral,zelensky_ap_filtered,,
2025-08-18,"Zelenskyy and Europe__ top leaders will meet with Trump on ending Russia__ war, AP Explains",Zelenskyy and top EU leaders will meet Trump in Washington to discuss ending the war.,https://apnews.com/video/zelenskyy-and-europes-top-leaders-will-meet-with-trump-on-ending-russias-war-ap-explains-9ff9abf42363413aad46790980d8c4fc,Diplomatic Engagements,neutral,zelensky_ap_filtered,,
2025-04-26,Zelenskyy and Trump talk as they attend the funeral of Pope Francis in Vatican,Zelenskyy and Trump met briefly while attending Pope Francis' funeral in the Vatican.,https://apnews.com/video/zelenskyy-and-trump-talk-as-they-attend-the-funeral-of-pope-francis-in-vatican-f544acf7c9dd4daa934614a3d2af40a9,Diplomatic Engagements,neutral,zelensky_ap_filtered,,
2025-03-01,The Latest: Most European leaders back Zelenskyy as he joins crisis talks in London,Zelenskyy joined crisis talks in London and thanked U.S. leadership despite prior tensions.,https://apnews.com/article/russia-ukraine-war-zelenskyy-london-bf158d8f9e10a7c049ea90f8fd917ab6,Diplomatic Engagements,positive,zelensky_ap_filtered,,
2025-03-03,"Ukraine__ Zelenskyy says end of war with Russia is __ery, very far away_",Zelenskyy said a deal to end the war remains very far away.,https://apnews.com/article/russia-ukraine-war-zelenskyy-starmer-trump-b025877c40ffe0ddf2a92adad1715231,Diplomatic Engagements,neutral,zelensky_ap_filtered,,
2025-07-09,Ukrainian President Zelenskyy meets Trump__ special envoy for Ukraine Keith Kellogg in Rome,Zelenskyy met with Trump__ special envoy Keith Kellogg in Rome.,https://apnews.com/video/ukrainian-president-zelenskyy-meets-trumps-special-envoy-for-ukraine-keith-kellogg-in-rome-5114010d060e483c9452e269e2aed1e1,Diplomatic Engagements,neutral,zelensky_ap_filtered,,
2025-02-28,Zelenskyy leaves White House without signing minerals deal after Oval Office blowup,"Trump berated Zelenskyy, then canceled the minerals deal signing.",https://apnews.com/article/zelenskyy-security-guarantees-trump-meeting-washington-eebdf97b663c2cdc9e51fa346b09591d,Diplomatic Engagements,negative,zelensky_ap_filtered,,
2025-04-05,Zelenskyy meets European military leaders to plan for a peacekeeping force,Zelenskyy met European military leaders to discuss a multinational peacekeeping force.,https://apnews.com/article/russia-ukraine-war-kryvyi-rih-dnipropetrovsk-fcdb5bbec7a51365b08e8ef2884ba22f,Diplomatic Engagements,neutral,zelensky_ap_filtered,,
2025-02-17,Zelenskyy travels to UAE as momentum grows for talks to end Russia__ war in Ukraine,Zelenskyy traveled to the UAE amid growing momentum for peace talks.,https://apnews.com/article/uae-russia-ukraine-war-a09b2fc2d81276551f40d89383a348c2,Diplomatic Engagements,neutral,zelensky_ap_filtered,,
2025-02-23,Zelenskyy says progress made on reaching an agreement with the US on rare minerals deal,Zelenskyy said the U.S. dropped a controversial minerals profits proposal.,https://apnews.com/article/russia-ukraine-war-drones-anniversary-putin-trump-c8f73a98d071055be52a1b22b0785ecc,Diplomatic Engagements,neutral,zelensky_ap_filtered,,
2025-05-28,German Chancellor Merz welcomes Ukraine__ Zelenskyy to Berlin,Ukrainian President Volodymyr Zelenskyy met with new German Chancellor Friedrich Merz in Berlin as Kyiv seeks further military support.,https://apnews.com/video/german-chancellor-merz-welcomes-ukraines-zelenskyy-to-berlin-7d65cf0903684772b250acd55da4d64d,Diplomatic Engagements,neutral,zelensky_ap_filtered,,
2025-06-02,Zelenskyy says he backs Turkish proposal for a meeting with Trump and Putin,"Zelenskyy said he supports Turkey__ proposal to organize a meeting between him, Trump and Putin.",https://apnews.com/video/zelenskyy-says-he-backs-turkish-proposal-for-a-meeting-with-trump-and-putin-79efa1baa2174e3ca91a5ddf328b35c2,Diplomatic Engagements,neutral,zelensky_ap_filtered,,
2025-02-13,Russia rejoices at Trump-Putin call as Zelenskyy rejects talks without Ukraine present,"Russian officials celebrated Trump__ plan to meet Putin, while Zelenskyy insisted Ukraine must be present.",https://apnews.com/article/russia-ukraine-war-trump-putin-9bd931d9ffde1bb573fae514efb29ddd,Diplomatic Engagements,neutral,zelensky_ap_filtered,,
2025-05-14,Zelenskyy __aiting to see who will come from Russia_ for talks in Turkey,Zelenskyy said he is waiting to see who Russia will send to ceasefire talks in Turkey.,https://apnews.com/video/zelenskyy-waiting-to-see-who-will-come-from-russia-for-talks-in-turkey-ec900da6b4fc4799a8dbca9356682d62,Diplomatic Engagements,neutral,zelensky_ap_filtered,,
2025-02-14,The art of the deal? Zelenskyy says a Ukraine-Russia agreement must come through Trump negotiations,Zelenskyy appealed to Trump__ dealmaker image to help negotiate peace.,https://apnews.com/article/trump-zelenskyy-munich-security-conference-ukraine-1feeba7df83c4cc241370180b3673677,Diplomatic Engagements,neutral,zelensky_ap_filtered,,
2025-02-10,White House officials ready to meet with Zelenskyy in Munich for talks on Russia__ war on Ukraine,Trump__ senior advisers will meet Zelenskyy at Munich Security Conference.,https://apnews.com/article/ukraine-russia-war-zelenskyy-trump-kellogg-e38e0ec1a4c7e1e58b503c3831732ad0,Diplomatic Engagements,neutral,zelensky_ap_filtered,,
2024-11-30,Zelenskyy says NATO offer for Ukraine-controlled territory could end __ot stage_ of war,Zelenskyy said NATO membership for controlled territory could halt fighting.,https://apnews.com/article/russia-ukraine-war-zelenskyy-nato-92069fae6a05fc03d6fb2643ecbb4b2a,Diplomatic Engagements,neutral,zelensky_ap_filtered,,
2025-03-27,Zelenskyy speaks on reasons behind delay of potential mineral deal with the US,Zelenskyy said negotiations on a mineral deal with the US keep changing.,https://apnews.com/video/zelenskyy-speaks-on-reasons-behind-delay-of-potential-mineral-deal-with-the-us-342a090790f3419ba0291074295dc027,Diplomatic Engagements,neutral,zelensky_ap_filtered,,
2025-01-03,"Trump__ strength and unpredictability can help end the war in Ukraine, Zelenskyy says",Zelenskyy said Trump__ unpredictability could help end the war.,https://apnews.com/article/russia-ukraine-war-trump-zelenskyy-a80e4d3498692218f40a42bc3718c7c9,Diplomatic Engagements,neutral,zelensky_ap_filtered,,
2025-02-17,"Zelenskyy not yet signing US economic agreement 'short-sighted,' White House official says",A White House national security official said Ukrainian President Volodymyr Zelenskyy 'is being short-sighted' in not signing a rare earth minerals deal.,https://www.foxnews.com/world/zelenskyy-not-yet-signing-us-economic-agreement-short-sighted-white-house-official-says,Diplomatic Engagements,negative,zelensky_foxnews_filtered,,
2025-02-03,Zelenskyy warns peace talks without Ukraine 'dangerous' after Trump claims meetings with Russia 'going well',Zelenskyy warns Trump-led talks with Russia without Ukraine would be 'dangerous.',https://www.foxnews.com/world/zelenskyy-warns-peace-talks-without-ukraine-dangerous-after-trump-claims-meetings-russia-going-well,Diplomatic Engagements,neutral,zelensky_foxnews_filtered,,
2025-07-06,Zelenskyy touts 'fruitful' Trump call after US president disappointed by Putin talk,Zelenskyy and Trump held a strategic call about air defense and Patriot missiles.,https://www.foxnews.com/world/zelenskyy-touts-fruitful-trump-call-after-us-president-disappointed-putin-talk,Diplomatic Engagements,neutral,zelensky_foxnews_filtered,,
2025-03-01,Zelenskyy meets with British Prime Minister Keir Starmer in London following Trump Oval Office clash,Zelenskyy welcomed by UK's PM after White House clash.,https://www.foxnews.com/world/zelenskyy-meets-british-prime-minister-keir-starmer-london-following-trump-oval-office-clash,Diplomatic Engagements,neutral,zelensky_foxnews_filtered,,
2025-03-04,"Zelenskyy says Ukraine 'ready' for peace negotiations, calls Trump meeting 'regrettable'",Zelenskyy calls recent Trump meeting 'regrettable.',https://www.foxnews.com/politics/zelenskyy-says-ukraine-ready-peace-negotiations-calls-trump-meeting-regrettable,Diplomatic Engagements,neutral,zelensky_foxnews_filtered,,
2025-09-16,Trump and Zelenskyy to meet as Poland pressures NATO on no fly zone over Ukraine,Possible Zelenskyy__rump meeting during UN summit.,https://www.foxnews.com/world/trump-zelenskyy-meet-poland-pressures-nato-no-fly-zone-over-ukraine,Diplomatic Engagements,neutral,zelensky_foxnews_filtered,,
2025-03-01,Zelenskyy meets with British Prime Minister Keir Starmer in London following Trump Oval Office clash,Zelenskyy meets with UK PM after tense US meeting.,https://www.foxnews.com/world/zelenskyy-meets-british-prime-minister-keir-starmer-london-following-trump-oval-office-clash,Diplomatic Engagements,neutral,zelensky_foxnews_filtered,,
2022-05-06,Ukrainian President Zelenskyy to join virtual G7 summit,Zelenskyy set to join Biden and G7 leaders for virtual summit.,https://www.foxnews.com/politics/zelenskyy-join-virtual-g7-summit,Diplomatic Engagements,neutral,zelensky_foxnews_filtered,,
2025-05-18,"Zelenskyy sheds details on meeting with Vance, Rubio in Rome after Russia peace talks stall",Zelenskyy discusses stalled Russia peace talks in Rome.,https://www.foxnews.com/politics/zelenskyy-slams-russia-sending-non-decision-makers-peace-talks-after-meeting-vance-rubio,Diplomatic Engagements,neutral,zelensky_foxnews_filtered,,
2025-02-25,Trump says minerals deal has been 'pretty much' negotiated with Zelenskyy,U.S. and Ukraine agree on mineral deal terms.,https://www.foxnews.com/world/trump-says-minerals-deal-has-been-pretty-much-negotiated-zelenskyy-meeting-slated-friday,Diplomatic Engagements,neutral,zelensky_foxnews_filtered,,
2025-09-03,Putin invites Zelenskyy to a meeting in Moscow for security talks as he bombs Ukraine,Putin suggests meeting Zelenskyy despite ongoing attacks.,https://www.foxnews.com/world/putin-invites-zelenskyy-meeting-moscow-security-talks-as-he-bombs-ukraine,Diplomatic Engagements,neutral,zelensky_foxnews_filtered,,
2025-09-03,Putin invites Zelenskyy to a meeting in Moscow for security talks as he bombs Ukraine,Putin suggests meeting Zelenskyy despite ongoing attacks.,https://www.foxnews.com/world/putin-invites-zelenskyy-meeting-moscow-security-talks-as-he-bombs-ukraine,Diplomatic Engagements,neutral,zelensky_foxnews_filtered,,
2025-08-07,Zelenskyy tells Putin to 'be brave' and finally agree to trilateral meeting with Trump,Zelenskyy pushes Putin for three-way peace meeting.,https://www.foxnews.com/world/zelenskyy-tells-putin-be-brave-finally-agree-trilateral-meeting-trump,Diplomatic Engagements,neutral,zelensky_foxnews_filtered,,
2025-02-26,Zelenskyy looking for __ATO or something similar_ as he prepares for meeting with Trump,Zelenskyy insists Ukraine needs NATO-level security guarantees.,https://www.foxnews.com/world/zelenskyy-looking-nato-something-similar-he-prepares-meeting-trump,Diplomatic Engagements,neutral,zelensky_foxnews_filtered,,
2025-05-18,"Zelenskyy sheds details on meeting with Vance, Rubio in Rome after Russia peace talks stall",Zelenskyy describes non-productive talks with Russia.,https://www.foxnews.com/politics/zelenskyy-slams-russia-sending-non-decision-makers-peace-talks-after-meeting-vance-rubio,Diplomatic Engagements,neutral,zelensky_foxnews_filtered,,
2025-02-11,"JD Vance, Treasury Sec Scott Bessent to meet with Zelenskyy",Vance plans meeting with Zelenskyy about war strategy.,https://www.foxnews.com/politics/jd-vance-treasury-sec-scott-bessent-meet-zelenskyy-trump-team-sets-sights-russia-ukraine-war,Diplomatic Engagements,neutral,zelensky_foxnews_filtered,,
2025-09-03,Putin invites Zelenskyy to a meeting in Moscow,Putin suggests Zelenskyy meet in Moscow amid escalation.,https://www.foxnews.com/world/putin-invites-zelenskyy-meeting-moscow-security-talks-as-he-bombs-ukraine,Diplomatic Engagements,neutral,zelensky_foxnews_filtered,,
2025-09-03,Putin invites Zelenskyy to a meeting in Moscow,Putin suggests Zelenskyy meet in Moscow amid escalation.,https://www.foxnews.com/world/putin-invites-zelenskyy-meeting-moscow-security-talks-as-he-bombs-ukraine,Diplomatic Engagements,neutral,zelensky_foxnews_filtered,,
2025-08-07,Zelenskyy tells Putin to 'be brave' and finally agree to trilateral meeting,Zelenskyy challenges Putin to join peace talks.,https://www.foxnews.com/world/zelenskyy-tells-putin-be-brave-finally-agree-trilateral-meeting-trump,Diplomatic Engagements,neutral,zelensky_foxnews_filtered,,
2025-02-26,Zelenskyy looking for __ATO or something similar_,Zelenskyy urges allies for NATO-level security.,https://www.foxnews.com/world/zelenskyy-looking-nato-something-similar-he-prepares-meeting-trump,Diplomatic Engagements,neutral,zelensky_foxnews_filtered,,
2025-12-07,"Trump meets with Macron, Zelenskyy ahead of Notre Dame reopening",Trump meets Zelenskyy and Macron in Paris.,https://www.foxnews.com/politics/trump-meets-macron-zelenskyy-notre-dame-ceremony-paris,Diplomatic Engagements,neutral,zelensky_foxnews_filtered,,
2025-03-07,Zelenskyy confirms Ukraine will attend US peace talks in Saudi Arabia,Zelenskyy confirms participation in US-led talks.,https://www.foxnews.com/world/zelenskyy-confirms-ukraine-attend-us-peace-talks-saudi-arabia-1-week-after-oval-office-clash,Diplomatic Engagements,neutral,zelensky_foxnews_filtered,,
2025-03-19,"Zelenskyy wants details after Trump-Putin call, lays out 'red line' for Ukraine",Zelenskyy outlines Ukraine__ non-negotiable red line after Trump__utin call.,https://www.foxnews.com/world/zelenskyy-wants-details-after-trump-putin-call-lays-out-red-line-ukraine,Diplomatic Engagements,neutral,zelensky_foxnews_filtered,,
2025-05-16,"Zelenskyy speaks with Trump, allies after Russia peace talks broker no ceasefire",Zelenskyy and global leaders react to failed ceasefire talks.,https://www.foxnews.com/world/zelenskyy-speaks-trump-allies-after-russia-peace-talks-broker-no-ceasefire,Diplomatic Engagements,neutral,zelensky_foxnews_filtered,,
2025-05-11,Zelenskyy agrees to meet with Putin on Thursday,Zelenskyy accepts Putin__ proposal for high-stakes meeting.,https://www.foxnews.com/world/zelenskyy-agrees-meet-putin-thursday,Diplomatic Engagements,neutral,zelensky_foxnews_filtered,,
2022-10-11,"Ukraine's Zelenskyy pushes 'peace formula' in G7 meeting, says 'no dialogue' with Putin",Zelenskyy presents peace formula and rules out dialogue with Putin.,https://www.foxnews.com/world/ukraine-zelenskyy-pushes-peace-formula-g7-meeting-says-no-dialogue-putin,Diplomatic Engagements,neutral,zelensky_foxnews_filtered,,
2024-01-15,"Switzerland hosts Ukraine__ Zelenskyy, offers to hold peace summit with Russia",The two presidents said the Ukrainian and Swiss teams will begin preparations for the Global Peace Summit in Switzerland as early as Tuesday.,https://globalnews.ca/news/10227931/switzerland-zelenskyy-visit-ukraine-russia-peace-summit/,Diplomatic Engagements,neutral,zelensky_globalnews_filtered,,
2023-09-19,Ukraine__ Zelenskyy will visit Canada for 1st time since Russian invasion: sources,"Canada has been a fervent supporter of Ukraine during the war, with Prime Minister Justin Trudeau and Ukrainian President Volodymyr Zelenskyy speaking often.",https://globalnews.ca/news/9971136/zelenskyy-canada-visit/,Diplomatic Engagements,neutral,zelensky_globalnews_filtered,,
2023-09-14,Zelenskyy set to visit Washington as U.S. debates continuing Ukraine aid,Zelenskyy's trip comes as Congress is debating Joe Biden's request to provide at least US$21 billion in military and humanitarian aid for Ukraine as it fights the Russian invasion.,https://globalnews.ca/news/9962555/ukraine-zelenskyy-us-congress-visit-2023/,Diplomatic Engagements,neutral,zelensky_globalnews_filtered,,
2023-05-21,Zelenskyy makes appearance at G7 as Trudeau reaffirms support to Ukraine,"Prime Minister Justin Trudeau sent a forceful rebuke of Russia at the conclusion of the G7 Leaders' Summit, which included the arrival of Ukrainian President Volodymyr Zelenskyy.",https://globalnews.ca/news/9714169/justin-trudeau-g7-zelenskyy/,Diplomatic Engagements,neutral,zelensky_globalnews_filtered,,
2023-05-13,Ukraine__ Zelenskyy meets Pope Francis at the Vatican,"Ukrainian President Volodymyr Zelenskyy held talks with Pope Francis at the Vatican on Saturday, saying it was a great honor to meet with the pontiff.",https://globalnews.ca/news/9696378/pope-francis-volodymyr-zelenskyy-vatican/,Diplomatic Engagements,neutral,zelensky_globalnews_filtered,,
2023-05-04,Ukraine__ Zelenskyy makes surprise visit to International Criminal Court,"Zelenskyy was on a visit to The Hague, which hosts the ICC as well as the United Nations' top judicial organ, the International Court of Justice.",https://globalnews.ca/news/9673116/ukraine-zelenskyy-icc-the-hague-visit/,Diplomatic Engagements,neutral,zelensky_globalnews_filtered,,
2023-04-26,"Can China sway Russia on Ukraine invasion? Xi, Zelenskyy hold 1st phone call","The phone call, which officials said lasted nearly an hour, is believed to be a significant development in efforts to resolve the conflict between Russia and Ukraine.",https://globalnews.ca/news/9651859/china-ukraine-xi-zelenskyy-phone-call-russia/,Diplomatic Engagements,neutral,zelensky_globalnews_filtered,,
2023-01-03,"Trudeau speaks with Zelenskyy from Jamaica, appears to back Ukraine __eace formula_",Justin Trudeau and Volodymyr Zelenskyy discussed Canada's continued commitment to providing military and humanitarian aid to Ukraine as Russia's invasion nears the one-year mark.,https://globalnews.ca/news/9385420/ukraine-trudeau-zelenskyy-jamaica-peace/,Diplomatic Engagements,neutral,zelensky_globalnews_filtered,,
2022-12-20,Ukraine__ Zelenskyy set to visit Washington in 1st overseas trip of war: reports,"Sources familiar with the plans said Zelenskyy's visit on Wednesday, while expected, could still be called off at the last minute due to security concerns.",https://globalnews.ca/news/9363028/ukraine-zelenskyy-washington-trip/,Diplomatic Engagements,neutral,zelensky_globalnews_filtered,,
2022-12-16,Zelenskyy __elcomed_ Canada__ move to revoke Nord Stream sanction exemption: PMO,Ukrainian President Volodymyr Zelenskyy 'welcomed' Canada__ decision to revoke a permit that allowed the export of a turbine being repaired in Montreal owned by Russia's Gazprom.,https://globalnews.ca/news/9354275/zelenskyy-trudeau-nord-stream-turbine-exemption/,Diplomatic Engagements,neutral,zelensky_globalnews_filtered,,
2025-10-17,Trump hosts Zelenskyy as plans for a Putin meeting are underway,Deepa Shivaram President Trump met with Ukrainian President Volodymyr Zelenskyy after announcing he is scheduling another face-to-face with Russian President Vladimir Putin.,https://www.npr.org/2025/10/17/nx-s1-5577846/trump-hosts-zelenskyy-as-plans-for-a-putin-meeting-are-underway,Diplomatic Engagements,neutral,zelensky_npr_filtered,,
2025-10-17,"Bolton Indicted, Trump and Zelenskyy Meeting, Rebuilding Gaza","John Bolton is indicted on 18 counts for allegedly mishandling classified information dating back to his time as national security advisor during President Trump__ first term. President_Volodymyr Zelenskyy meets with President Trump at the White House to discuss Ukraine's request for long-range missiles, Trump says he will meet with Russia's president in Hungary next. And the scale of Gaza__ reconstruction is staggering, with unexploded bombs buried in the rubble, nearly all buildings damaged or destroyed and major questions about who will lead the reconstruction.Want more comprehensive analysis of the most important news of the day, plus a little fun?Subscribeto the Up First newsletter. It was produced by Ziad Buchh, Nia Dumas and Milton Guevara.",https://www.npr.org/2025/10/17/nx-s1-5577632/bolton-indicted-trump-and-zelenskyy-meeting-rebuilding-gaza,Diplomatic Engagements,neutral,zelensky_npr_filtered,,
2025-10-17,"Trump and Zelenskyy to meet. And, John Bolton indicted for mishandling classified info",Ukrainian President Volodymyr Zelenskyy is expected to meet with President Trump today in the White House for the third time this year. Zelenskyy is seeking long-range weapons that could strike targets deep inside Russia and assistance from the president to secure a ceasefire deal that would benefit Ukraine.,https://www.npr.org/2025/10/17/g-s1-93955/up-first-newsletter-john-bolton-volodymyr-zelenskyy-gaza,Diplomatic Engagements,neutral,zelensky_npr_filtered,,
2025-08-18,Trump and Zelenskyy meet again,"In the last few days, President Trump has met separately with the presidents of Russia and Ukraine, in an attempt to break the deadlock and end the war.Today__ meeting at the White House between Trump and Ukrainian President Volodymyr Zelenskyy seemed to go much better than last time, when Zelenskyy left early after a heated argument in the Oval Office. In fact, Zelenskyy hailed today__ meeting as __he best one_ yet.Even so, the next steps to ending the war are unclear. Russian President Vladimir Putin and Zelenskyy still haven__ met face-to-face to negotiate, and it__ not certain whether they will be able to find common ground.NPR White House correspondent Danielle Kurtzleben gives an update on the day__ events, and former national security adviser Susan Rice gives her perspective on the likelihood of a deal.",https://www.npr.org/2025/08/18/nx-s1-5506314/trump-and-zelenskyy-meet-again,Diplomatic Engagements,positive,zelensky_npr_filtered,,
2025-08-18,"Zelenskyy Meets Trump, Gaza Latest, More National Guard Troops to D.C.",President Trump will host Ukraine's Volodymyr Zelenskyy and European leaders at the White House. Israelis protest to demand a hostage deal as the military and government leaders pursue plans to occupy Gaza City. And growing number of National Guard troops are on their way to the nation's capital.,https://www.npr.org/2025/08/18/nx-s1-5505913/zelenskyy-meets-trump-gaza-latest-more-national-guard-troops-to-d-c,Diplomatic Engagements,neutral,zelensky_npr_filtered,,
2025-08-18,Zelenskyyand European leaders to meet with Trump at White House on Monday,"President Trump hosts Ukraine's president Volodymyr Zelenskyy at the White House this afternoon. It's a meeting that could go a long way toward deciding Ukraine's future. It comes three days after Trump and Russia's leader Vladimir Putin met in Alaska, and it's all part of Trump's big push to broker an end to the Ukraine-Russia war.",https://www.npr.org/2025/08/18/nx-s1-5505368/zelenskyy-and-european-leaders-to-meet-with-trump-at-white-house-on-monday,Diplomatic Engagements,neutral,zelensky_npr_filtered,,
2025-08-18,"The latest on Trump's meeting withZelenskyy, other leaders",President Trump meets his Ukrainian counterpart and European leaders as he tries to broker an end to Russia's war on Ukraine.,https://www.npr.org/2025/08/18/nx-s1-5504610/the-latest-on-trumps-meeting-with-zelenskyy-other-leaders,Diplomatic Engagements,neutral,zelensky_npr_filtered,,
2025-08-18,"Trump andZelenskyyto discuss end of war. And, more troops head to D.C.","President Trump is expected to welcome Ukrainian President Volodymyr Zelenskyy to the White House today, along with several key European leaders. The meeting comes just days after Trump's one-on-one summit with Russian leader Vladimir Putin in Alaska to discuss the end of the war in Ukraine.",https://www.npr.org/2025/08/18/g-s1-83248/up-first-newsletter-zelenskyy-trump-meeting-dc-militarized-second-week-israel-hamas,Diplomatic Engagements,neutral,zelensky_npr_filtered,,
2025-08-17,Ukrainian President VolodymrZelenskyywill meet with Trump on Monday,"After talks with Russia's Vladimir Putin in Alaska, President Trump plans to meet on Monday with Ukrainian leader Volodymr Zelenskyy.",https://www.npr.org/2025/08/17/nx-s1-5505372/ukrainian-president-volodymr-zelenskyy-will-meet-with-trump-on-monday,Diplomatic Engagements,neutral,zelensky_npr_filtered,,
2025-08-17,European leaders to join Ukraine'sZelenskyyfor White House meeting with Trump,"KYIV  European and NATO leaders announced Sunday that they'll be joining President Volodymyr Zelenskyy in Washington for crucial talks with President Donald Trump, rallying around the Ukrainian leader after his exclusion from Trump's summit with Russian President Vladimir Putin.",https://www.npr.org/2025/08/17/nx-s1-5505319/european-leaders-zelenskyy-trump,Diplomatic Engagements,positive,zelensky_npr_filtered,,
2025-08-17,"Politics chat: Alaska summit, Zelenskyy at White House, National Guard in D.C.","Ayesha Rascoe President Trump says he wants a peace agreement to end the war in Ukraine following his Alaska summit, and will hold talks with Ukraine's president in the White House on Monday.",https://www.npr.org/2025/08/17/nx-s1-5501531/politics-chat-alaska-summit-zelenskyy-at-white-house-national-guard-in-d-c,Diplomatic Engagements,neutral,zelensky_npr_filtered,,
2025-08-16,"Trump, Zelenskyy to meet at White House after Alaska summit with Putin fell short","ANCHORAGE, Alaska  President Trump said he will meet with Ukrainian President Volodymyr Zelenskyy at the White House on Monday to talk about how to end Russia's war on Ukraine, a follow-up meeting to Trump's summit with Russia's Vladimir Putin that failed to yield a ceasefire.",https://www.npr.org/2025/08/16/nx-s1-5504593/world-reacts-trump-putin-summit,Diplomatic Engagements,neutral,zelensky_npr_filtered,,
2025-08-16,Ukrainian president Volodymyr Zelenskyy to meet with Trump on Monday,"Ukraine's President Volodymyr Zelenskyy will be meeting President Trump at the White House on Monday. However, Trump suggests he favors Vladimir Putin's approach to dealing with the war in Ukraine.",https://www.npr.org/2025/08/16/nx-s1-5503711/ukrainian-president-volodymyr-zelenskyy-to-meet-with-trump-on-monday,Diplomatic Engagements,negative,zelensky_npr_filtered,,
2025-08-13,Zelenskyy: Trump pursuing Ukraine ceasefire at Putin summit,Rob Schmitz German Chancellor Friedrich Merz (left) welcomes Ukrainian President Volodymyr Zelenskyy in Berlin on Aug. 13.,https://www.npr.org/2025/08/13/nx-s1-5500525/zelenskyy-trump-putin-ceasefire-ukraine-summit,Diplomatic Engagements,neutral,zelensky_npr_filtered,,
2025-08-13,Zelenskyy in Berlin for critical talks with European leaders and Trump,"INKOO, Finland  Ukraine's President has arrived in Berlin ahead of a series of high stakes European summits on Wednesday. Volodymyr Zelenskyy was met by German Chancellor Friedrich Merz ahead of a series of urgent meetings aimed at bolstering support for Ukraine  and building influence with President Donald Trump before his meeting Friday with Russian President Vladimir Putin.",https://www.npr.org/2025/08/13/nx-s1-5500465/european-leaders-to-hold-emergency-virtual-summit-with-trump-on-wednesday,Diplomatic Engagements,neutral,zelensky_npr_filtered,,
2025-08-10,"Trump-Putin to hold summit to discuss peace deal, Zelenskyy says he won't attend","President Trump says he'll meet President Putin in Alaska on Friday. To get a peace deal, President Trump has indicated some territory needs to be ""switched."" We look to Ukraine for reaction.",https://www.npr.org/2025/08/10/nx-s1-5497232/trump-putin-to-hold-summit-to-discuss-peace-deal-zelenskyy-says-he-wont-attend,Diplomatic Engagements,neutral,zelensky_npr_filtered,,
2025-05-18,"Zelenskyymeets Vance in Rome, hours after Russia's largest drone attack on Ukraine","KYIV, Ukraine  Ukrainian President Volodymyr Zelenskyy met with top U.S. officials and European leaders in Rome on Sunday, part of stepped-up diplomatic efforts ahead of a high-stakes phone call Monday between U.S. President Donald Trump and Russian President Vladimir Putin on ending the war in Ukraine.",https://www.npr.org/2025/05/18/nx-s1-5402815/zelenskyy-meets-vance-in-rome-hours-after-russias-largest-drone-attack-on-ukraine,Diplomatic Engagements,neutral,zelensky_npr_filtered,,
2025-05-14,Zelenskyyasks for Pope Leo XIV's help in bringing Ukrainian children home from Russia,"Ukrainian President Volodymyr Zelenskyy appealed to Pope Leo XIV, asking the new pope for help in bringing home children deported from Ukraine to Russia.",https://www.npr.org/2025/05/14/g-s1-66425/zelenskyy-asks-for-pope-leo-xivs-help-in-bringing-ukrainian-children-home-from-russia,Diplomatic Engagements,neutral,zelensky_npr_filtered,,
2025-05-12,Zelenskyy challenges Putin to meet him in Turkey 'personally' for ceasefire talks,"KYIV, Ukraine  Ukrainian President Volodymyr Zelenskyy on Sunday challenged Russia's President Vladimir Putin to meet him personally in Turkey on Thursday, the latest move in a weekend-long exchange of proposals from both sides on the next steps in the U.S.-led peace effort.",https://www.npr.org/2025/05/12/nx-s1-5395538/zelenskyy-putin-ukraine-russia-ceasefire-turkey,Diplomatic Engagements,neutral,zelensky_npr_filtered,,
2025-04-27,"Politics chat: Trump meets Zelenskyy, China denies being in negotiations with U.S.","Yesterday, both President Trump and President Biden attended the funeral for Pope Francis. Ukraine's President Volodymyr Zelenskyy was also here, and he huddled with Trump at the Vatican just before the service. ",https://www.npr.org/2025/04/27/nx-s1-5375851/politics-chat-trump-meets-zelenskyy-china-denies-being-in-negotiations-with-u-s,Diplomatic Engagements,neutral,zelensky_npr_filtered,,
2025-04-26,Trump meets Zelenskyy during visit to Pope Francis' funeral,Deepa Shivaram Ukraine's President Volodymyr Zelenskyy (right) and President Trump talk as they attend the funeral of Pope Francis at the Vatican on Saturday.,https://www.npr.org/2025/04/26/g-s1-62926/trump-zelenskyy-pope-francis-funeral,Diplomatic Engagements,neutral,zelensky_npr_filtered,,
2025-03-19,Zelenskyy and Trump speak after Trump's call with Putin,"Ukrainian President Volodymyr Zelenskyy spoke with President Trump on Wednesday, following Trump's call on Tuesday with Russian President Vladimir Putin.",https://www.npr.org/2025/03/19/nx-s1-5333234/zelenskyy-trump-call-putin-ukraine-russia-war,Diplomatic Engagements,neutral,zelensky_npr_filtered,,
2025-03-03,"Zelenskyyin London, Gaza Ceasefire Status, Judicial Accountability","Ukraine's President Volodymyr Zelenskyy received a warm welcome in London from the British prime minister and other European leaders, after a contentious meeting with President Trump in Washington. Israel and Hamas are at loggerheads over the next phase of the six-week-old Gaza ceasefire. And, an NPR investigation finds gaps in the systems to report misbehavior by federal judges and a widespread culture of fear about reporting abuse.Want more comprehensive analysis of the most important news of the day, plus a little fun?Subscribe to the Up First newsletter.Today's episode of Up First was edited by Miguel Macias, Didi Schanche, Krishnadev Calamur, Alice Woelfle and Mohamad ElBardicy.It was produced by Ziad Buchh, Claire Murashima and Chris Thomas.We get engineering support from Zac Coleman, our technical director is David Greenburg",https://www.npr.org/2025/03/03/1235624360/zelenskyy-in-london-gaza-ceasefire-status-judicial-accountability,Diplomatic Engagements,positive,zelensky_npr_filtered,,
2025-03-01,"Zelenskyy-Vance-Trump Blow Up, DOJ Demotions, Feds Plan for Bird Flu","Ukrainians react to the stunning events in the Oval Office that ended not with a signed minerals deal, but with shouting. Trump's Department of Justice demotes career lawyers who were involved in prosecutions of Trump allies and January 6th rioters. The Department of Agriculture announces plans to fight bird flu and high egg prices.",https://www.npr.org/2025/03/01/1235173135/up-first-united-states-shifting-alliances,Diplomatic Engagements,negative,zelensky_npr_filtered,,
2025-02-28,Zelenskyy leaves the White House early after Trump meeting gets heated,"By President Trump and Ukrainian President Volodymyr Zelenskyy meet in the Oval Office of the White House in Washington, D.C., on Friday.Saul Loeb/AFP via Getty Imageshide caption",https://www.npr.org/2025/02/28/nx-s1-5313079/trump-zelenskyy-meeting,Diplomatic Engagements,neutral,zelensky_npr_filtered,,
2025-02-28,Zelenskyy's visit to the White House ends abruptly after Oval Office spat,"Zelenskyy was at the White House to finalize a deal on minerals, which Trump has said is a step toward a broader peace deal he is trying to broker. But no deal was signed and the visit was cut short.",https://www.npr.org/2025/02/28/nx-s1-5312076/zelenskyys-visit-to-the-white-house-ends-abruptly-after-oval-office-spat,Diplomatic Engagements,neutral,zelensky_npr_filtered,,
2025-02-28,Ukrainian President VolodymyrZelenskyyto meet President Trump Friday,"Ukrainian President Volodymyr Zelenskyy will meet with President Trump in Washington on Friday, where they are expected to sign a deal on U.S. access to some of Ukraine's critical raw materials.",https://www.npr.org/2025/02/28/nx-s1-5311472/ukrainian-president-volodymyr-zelenskyy-to-meet-president-trump-friday,Diplomatic Engagements,neutral,zelensky_npr_filtered,,
2025-02-28,"ZelenskyyVisits DC, Tate Brothers In Florida, USAID Standoff, AOC and DOJ","The Ukrainian President is arriving in Washington to discuss a deal involving his country's rare earth minerals, social media influencers Andrew and Tristan Tate were charged with human trafficking in Romania and have now arrived in Florida, and the Supreme Court weighed in on a case involving frozen funds at USAID. Also, Rep. Ocasio-Cortez asks the Justice Department if she is under investigation.Want more comprehensive analysis of the most important news of the day, plus a little fun?",https://www.npr.org/2025/02/28/1234443296/up-first-zelenskyy-dc-andrew-tristan-tate-usaid-02-28-2025,Diplomatic Engagements,neutral,zelensky_npr_filtered,,
2025-02-17,Zelenskyy looks to get a seat at the table for U.S. and Russia's Ukraine peace talks,"In the United Arab Emirates on Monday, Zelenskyy said he's in the region for official visits focused on humanitarian and economic issues. He said Ukraine did not know about the Russia-U.S. meeting.",https://www.npr.org/2025/02/17/nx-s1-5299837/zelenskyy-looks-to-get-a-seat-at-the-table-for-u-s-and-russias-ukraine-peace-talks,Diplomatic Engagements,neutral,zelensky_npr_filtered,,
2025-02-13,Trump calls Putin and Zelenskyy separately to start talks to end the war in Ukraine,President Trump held separate calls with Russian President Vladimir Putin and Ukrainian President Volodymyr Zelenskyy to kick off talks after almost three years or war.,https://www.npr.org/2025/02/13/nx-s1-5294647/trump-calls-putin-and-zelenskyy-separately-to-start-talks-to-end-the-war-in-ukraine,Diplomatic Engagements,neutral,zelensky_npr_filtered,,
2024-09-26,Zelenskyy met with leaders in Washington to press for ongoing support for Ukraine,Franco Ordoez President Biden welcomes Ukraine's President Zelenskyy with a pledge of additional military assistance. Zelenskyy also met with Vice President Harris and bipartisan groups in the House and Senate.,https://www.npr.org/2024/09/26/nx-s1-5129632/zelenskyy-met-with-leaders-in-washington-to-press-for-ongoing-support-for-ukraine,Diplomatic Engagements,positive,zelensky_npr_filtered,,
2024-07-02,Hungary's Orbn in Kyiv for talks withZelenskyyin first visit since the war began,"BUDAPEST, Hungary  Hungarian Prime Minister Viktor Orbn was in Kyiv on Tuesday for talks with Ukrainian President Volodymyr Zelenskyy, his first visit to the neighboring country since Russia's full-scale invasion in February 2022 as Budapest has repeatedly broken ranks with the rest of the European Union and leaned toward Moscow.",https://www.npr.org/2024/07/02/nx-s1-5026348/orban-hungary-ukraine-kyiv-meets-with-zelenskyy,Diplomatic Engagements,neutral,zelensky_npr_filtered,,
2023-09-21,Up First briefing: House budget dispute; Zelenskyy in D.C.; Simone Biles makes history,"Suzanne Nuyen House Republicans are at war with themselvesas a government shutdown is less than two weeks away. They tried to pass a spending bill this week, but a group of far-right representatives are blocking their own party.",https://www.npr.org/2023/09/21/1200742719/up-first-briefing-house-budget-dispute-zelenskyy-in-d-c-simone-biles-makes-histo,Diplomatic Engagements,neutral,zelensky_npr_filtered,,
2023-09-19,Zelenskyy's U.S. visit comes as Republican opposition to Ukraine aid grows,"When Ukrainian President Volodymyr Zelenskyy returns to the U.S. this week to extend his hand in Washington, Senate Minority Leader Mitch McConnell will be at the front of the line to grasp it.",https://www.npr.org/2023/09/19/1199503861/zelenskyy-ukraine-aid-republican-congress-shutdown-spending,Diplomatic Engagements,neutral,zelensky_npr_filtered,,
2023-07-12,Ukraine can't join NATO yet. But Biden saysZelenskyyis OK with that,"President Biden vowed continuing support for Ukraine in a speech in Lithuania on Wednesday, saying the U.S. and its allies would ""stand for liberty and freedom today, tomorrow, and for as long as it takes.""",https://www.npr.org/2023/07/12/1187291581/biden-vilnius-ukraine-nato,Diplomatic Engagements,neutral,zelensky_npr_filtered,,
2023-07-12,"Biden MeetsZelenskyy, June Inflation, SAG-AFTRA Deadline Expires","President Joe Biden meets his Ukrainian counterpart. New inflation numbers are set to show easing inflation. And major Hollywood studios' contract with the actors' union is set to expire.Want more comprehensive analysis of the most important news of the day, plus a little fun?Subscribeto the Up First newsletter.Up First is produced by Nina Kravinsky, Shelby Hawkins and Kaity Kline. Our editors are Olivia Hampton, Rafael Nam, Michael Sullivan, Denice Rios and Alice Woelfle. Our technical director is Zac Coleman with engineering support from Arthur Laurent.",https://www.npr.org/2023/07/12/1187172187/biden-meets-zelenskyy-june-inflation-sag-aftra-deadline-expires,Diplomatic Engagements,neutral,zelensky_npr_filtered,,
2023-07-08,Turkey's Erdogan hostsZelenskyyand says Ukraine deserves membership in NATO,"ISTANBUL  Turkish President Recep Tayyip Erdogan expressed support early Saturday for Ukraine joining NATO, saying the war-torn country deserves to join the alliance.",https://www.npr.org/2023/07/08/1186626989/turkeys-erdogan-zelenskyy-ukraine-deserves-membership-nato,Diplomatic Engagements,neutral,zelensky_npr_filtered,,
2023-06-03,Zelenskyyaccepts Ukraine cannot become a NATO member until the war ends,"NPR's Scott Simon talks to John R. Deni, a research professor at the U.S. Army War College, about developments in Ukraine's bid to join NATO.",https://www.npr.org/2023/06/03/1179979756/zelenskyy-accepts-ukraine-cannot-become-a-nato-member-until-the-war-ends,Diplomatic Engagements,neutral,zelensky_npr_filtered,,
2023-05-21,Zelenskyy's recent diplomatic moves signal a new phase for the war in Ukraine,A look at Ukrainian President Zelenskyy's diplomatic push and what it might mean for the the next phase of the war in Ukraine.,https://www.npr.org/2023/05/21/1177391776/zelenskyys-recent-diplomatic-moves-signal-a-new-phase-for-the-war-in-ukraine,Diplomatic Engagements,neutral,zelensky_npr_filtered,,
2023-05-20,Zelenskyy meets world leaders at G-7,"Ukraine's president Zelenskyy has joined President Biden and G-7 leaders in Hiroshima to talk about Russia's war. The summit also includes discussion about China, North Korea and denuclearization.",https://www.npr.org/2023/05/20/1177366765/zelenskyy-meets-world-leaders-at-g-7,Diplomatic Engagements,neutral,zelensky_npr_filtered,,
2023-05-20,"Zelenskyy Attends G-7 Summit, Wall Street & Default, Greek Elections","Ukrainian President Volodymyr Zelenskyy arrives in Hiroshima, Japan. Markets don't seem very concerned about political wrangling over the debt ceiling. Greek voters head to the polls Sunday for elections clouded by a deadly train crash.",https://www.npr.org/2023/05/19/1177210780/zelenskyy-attends-g-7-summit-wall-street-default-greek-elections,Diplomatic Engagements,neutral,zelensky_npr_filtered,,
2023-05-19,Zelenskyy arrives at G-7 summit in Japan as leaders ramp up pressure on Russia,"HIROSHIMA, Japan and KYIV, Ukraine  Ukrainian President Volodymyr Zelenskyy arrived in Hiroshima, Japan, on Saturday to attend the group of seven leading industrial nations' summit as member states intensify sanctions on Russia.",https://www.npr.org/2023/05/19/1177024349/zelenskyy-to-japan-attend-g-7-summit,Diplomatic Engagements,neutral,zelensky_npr_filtered,,
2023-05-19,Ukraine's President Volodymyr Zelenskyy will attend the G-7 meeting in person,Zelenskyy's expected appearance on Sunday comes as Western allies harden their resolve in support of Ukraine. Russia's military aggression toward its neighbor is on top of the G-7 summit's agenda.,https://www.npr.org/2023/05/19/1177023867/ukraines-president-volodymyr-zelenskyy-will-attend-the-g-7-meeting-in-person,Diplomatic Engagements,neutral,zelensky_npr_filtered,,
2023-05-18,"Zelenskyyarrives at Arab League summit, as Saudi Arabia flexes diplomatic muscle","Aya Batrawy In this photo provided by the Saudi Press Agency, SPA, leaders of Arab countries pose for a group picture ahead of the Arab summit in Jeddah, Saudi Arabia, Friday.Saudi Press Agency via APhide caption",https://www.npr.org/2023/05/18/1176833267/saudi-arabia-syria-arab-league-summit,Diplomatic Engagements,neutral,zelensky_npr_filtered,,
2023-05-15,Latest on Ukraine:Zelenskyymade a spring diplomatic offensive in Europe (May 15),"British Prime Minister Rishi Sunak (right) walks with Ukrainian President Volodymyr Zelenskyy to a waiting Chinook helicopter after meetings at Chequers, the U.K. leader's country retreat, in Aylesbury, England, on Monday.Carl Court/Getty Imageshide caption British Prime Minister Rishi Sunak (right) walks with Ukrainian President Volodymyr Zelenskyy to a waiting Chinook helicopter after meetings at Chequers, the U.K. leader's country retreat, in Aylesbury, England, on Monday.",https://www.npr.org/2023/05/15/1174956698/russia-ukraine-war-news,Diplomatic Engagements,neutral,zelensky_npr_filtered,,
2023-05-14,Ukraine's PresidentZelenskyyis in Germany for the first time since Russia invaded,"BERLIN (AP)  Ukrainian President Volodymyr Zelenskyy said Sunday that his country is preparing a counteroffensive designed to liberate areas occupied by Russia, not to attack Russian territory.",https://www.npr.org/2023/05/14/1176057374/ukraines-president-zelenskyy-is-in-germany-for-the-first-time-since-the-war-bega,Diplomatic Engagements,neutral,zelensky_npr_filtered,,
2023-04-26,"China's Xi calls Ukraine'sZelenskyy, after weeks of intensifying pressure to do so","Chinese leader Xi Jinping called Ukraine's President Volodymyr Zelenskyy, over a month after Xi's summit in Moscow with Russia's leader Vladimir Putin.",https://www.npr.org/2023/04/26/1164668179/xi-putin-summit-zelenskyy-china-russia-ukraine,Diplomatic Engagements,neutral,zelensky_npr_filtered,,
2023-03-21,Japan's prime minister arrives in Ukraine for talks with PresidentZelenskyy,"KYIV, Ukraine  Japanese Prime Minister Fumio Kishida began a surprise visit to Ukraine early Tuesday, hours after Chinese President Xi Jinping arrived in neighboring Russia for a three-day visit. The dueling summits come as the longtime rivals are on diplomatic offensives.",https://www.npr.org/2023/03/21/1164916007/japans-prime-minister-arrives-in-ukraine-for-talks-with-president-zelenskyy,Diplomatic Engagements,neutral,zelensky_npr_filtered,,
2023-02-20,Biden hears Zelenskyy's plan for peace with Russia during surprise visit to Kyiv,"Joanna Kakissis President Biden visited Kyiv just shy of a year since Russia invaded Ukraine. He spent time with President Zelenskyy, who called this visit the most important in U.S.-Ukrainian history.",https://www.npr.org/2023/02/20/1158401846/biden-hears-zelenskyys-plan-for-peace-with-russia-during-surprise-visit-to-kyiv,Diplomatic Engagements,neutral,zelensky_npr_filtered,,
2023-02-08,Why Zelenskyy visited the U.K. nearly 1 year into Russia's war on Ukraine,"LONDON  Ukrainian President Volodymyr Zelenskyy has made a surprise visit to the United Kingdom, one of his very rare trips outside Ukraine since Russia invaded the country nearly one year ago.",https://www.npr.org/2023/02/08/1155360051/zelenskyy-russia-ukraine,Diplomatic Engagements,neutral,zelensky_npr_filtered,,
2022-12-21,Zelenskyy visits Washington to meet with Biden and address Congress,"Ukraine's president Volodymyr Zelenskyy makes a dramatic visit to Washington, while his country is at war, for meetings at the White House and address Congress.",https://www.npr.org/2022/12/21/1144821709/zelenskyy-visits-washington-to-meet-with-biden-and-address-congress,Diplomatic Engagements,neutral,zelensky_npr_filtered,,
2022-12-21,Zelenskyy leaves Ukraine for an unexpected and high-profile visit to the U.S.,Ukrainian President Volodymyr Zelenskyy will visit the White House and address Congress  in a trip aimed at underscoring U.S. support for the country in its war with Russia.,https://www.npr.org/2022/12/21/1144627670/zelenskyy-leaves-ukraine-for-an-unexpected-and-high-profile-visit-to-the-u-s,Diplomatic Engagements,neutral,zelensky_npr_filtered,,
2022-12-21,"Zelenskyy Visits U.S., Trump Tax Returns, Taliban Bans Women From University",Ukrainian President Volodymyr Zelenskyy to visit President Biden and congressional leaders in Washington. House committee approves release of Trump's taxes. The Taliban has banned women from attending universities in Afghanistan.,https://www.npr.org/2022/12/20/1144618385/zelenskyy-visits-u-s-trump-tax-returns-taliban-bans-women-from-university,Diplomatic Engagements,neutral,zelensky_npr_filtered,,
2022-12-21,Ukrainian PresidentZelenskyyset to visit Washington,Domenico Montanaro Zelenskyy plans to meet Wednesday with President Biden and congressional leaders.,https://www.npr.org/2022/12/20/1144593321/ukrainian-president-zelenskyy-set-to-make-unexpected-washington-visit,Diplomatic Engagements,neutral,zelensky_npr_filtered,,
2022-12-21,Zelenskyyand Biden emphasize their partnership ahead of congressional address,President Biden and Ukrainian President Volodymyr Zelenskyy underscored their continued partnership against Russia in the war in Ukraine during a meeting at the White House on Wednesday.,https://www.npr.org/2022/12/20/1144519200/ukrainian-president-zelenskyy-plans-to-visit-washington,Diplomatic Engagements,positive,zelensky_npr_filtered,,
2022-07-25,Rep. Elissa Slotkin on her visit to Ukraine and meeting with PresidentZelenskyy,"NPR's Mary Louise Kelly speaks with Rep. Elissa Slotkin, D-Mich., about her trip to Ukraine with a bipartisan Congressional delegation and meeting with President Zelenskyy.",https://www.npr.org/2022/07/25/1113558606/rep-elissa-slotkin-on-her-visit-to-ukraine-and-meeting-with-president-zelenskyy,Diplomatic Engagements,neutral,zelensky_npr_filtered,,
2022-06-16,European leaders meet with Ukrainian President Zelenskyy to show unity and support,"Four European leaders are meeting Ukraine's President Volodymyr Zelenskyy in talks intended as a show of European unity. Also, the U.S. ambassador tells NPR she expects ""a long, grinding, tough war.""",https://www.npr.org/2022/06/16/1105664564/european-leaders-meet-with-ukrainian-president-zelenskyy-to-show-unity-and-suppo,Diplomatic Engagements,positive,zelensky_npr_filtered,,
2024-01-16,"Zelensky Calls for Peace, Not More Weapons, in Davos","In a speech in Switzerland, the Ukrainian president asked for more sanctions on Moscow, but he did not appeal for weaponry for new offenses.",,Diplomatic Engagements,neutral,zelensky_nytimes_filtered,,
2023-04-05,"Zelensky Gets Hero__ Welcome in Poland, Cementing Ukraine__ Ties","Polish leaders backed Ukraine__ bid for NATO membership, but even without that, Russia__ invasion is making the alliance__ eastern flank more united, and more important.",,Diplomatic Engagements,positive,zelensky_nytimes_filtered,,
2023-04-26,"Xi and Zelensky Talk at Last, but Words Are Chosen Carefully","Volodymyr Zelensky has urged discussions with Xi Jinping since the Russian invasion, but in its official account of the phone call, China left out two words: __ussia_ and __ar._",,Diplomatic Engagements,neutral,zelensky_nytimes_filtered,,
2023-05-03,Zelensky Travels to Finland to Meet With Nordic Leaders,The Ukrainian president has made few overseas trips since Russia launched its full-scale invasion of Ukraine.,,Diplomatic Engagements,neutral,zelensky_nytimes_filtered,,
2023-05-03,"Zelensky arrives in the Netherlands for an address at The Hague, Dutch media reports.",The Ukrainian president has long urged that Vladimir Putin and others be held to account under international law.,,Diplomatic Engagements,neutral,zelensky_nytimes_filtered,,
2023-05-13,Zelensky Meets Pope and Meloni in Italy to Bolster Ukraine__ Support,"The Ukrainian president__ talks with the pope and Prime Minister Giorgia Meloni came at a potentially pivotal moment in the war with Russia, as Kyiv__ forces make advances near the key city of Bakhmut.",,Diplomatic Engagements,neutral,zelensky_nytimes_filtered,,
2023-05-19,"With Prospect of F-16s Closer, Zelensky Will Attend the G7 Strengthened",The Ukrainian president__ attendance at the meeting comes after President Biden opened the door to other nations training Ukrainian pilots and sending their F-16s to Kyiv.,,Diplomatic Engagements,neutral,zelensky_nytimes_filtered,,
2023-05-22,Zelensky wraps up another fruitful trip and Russia claims a big win in Ukraine.,"President Volodymyr Zelensky of Ukraine grabbed the spotlight at the Group of 7 summit in Japan and won even more pledges for military aid, including training for Ukraine__ pilots on F-16 fighter jets. But at home this week he faces questions about the future of the eastern city of Bakhmut, the deadliest battle of the war.",,Diplomatic Engagements,positive,zelensky_nytimes_filtered,,
2024-07-19,Zelensky Becomes First Foreign Leader to Visit U.K. Cabinet Since Clinton,President Volodymyr Zelensky briefed Keir Starmer__ top team in an appearance designed to showcase Britain__ steadfast support for Ukraine in its war against Russia.,,Diplomatic Engagements,positive,zelensky_nytimes_filtered,,
2024-07-20,Trump and Zelensky Speak by Phone as Ukraine Worries About U.S. Backing,Kyiv ponders what another Trump administration would mean for its war initiatives.,,Diplomatic Engagements,negative,zelensky_nytimes_filtered,,
2025-03-01,Europe Rallies Around Zelensky After Explosive White House Meeting,"The statements piled up on social media, offering words of encouragement to the Ukrainian leader and his people.",,Diplomatic Engagements,positive,zelensky_nytimes_filtered,,
2025-03-03,Zelensky Turns to Diplomacy in a War With __ Long Way to Go_,"After a startling clash with President Trump, who has echoed the Kremlin view of the war, Ukraine__ leader is trying to shore up European support and smooth over relations with Washington.",,Diplomatic Engagements,negative,zelensky_nytimes_filtered,,
2025-03-04,"Zelensky Offers Terms to Stop Fighting, Assuring U.S. That Ukraine Wants Peace","__e are working on all possible scenarios to protect Ukraine,_ said President Volodymyr Zelensky, whose country was looking to European allies for support.",,Diplomatic Engagements,neutral,zelensky_nytimes_filtered,,
2025-03-05,Quote of the Day: Zelensky Tries To Make Peace On Every Front,"Quotation of the Day for Wednesday, March 5, 2025.",,Diplomatic Engagements,neutral,zelensky_nytimes_filtered,,
2025-03-05,"After Days of Coaching, Zelensky Seeks a Path to Trump__ Good Graces",Prime Minister Keir Starmer of Britain and President Emmanuel Macron of France have been prodding and counseling Volodymyr Zelensky on how to deal with President Trump.,,Diplomatic Engagements,negative,zelensky_nytimes_filtered,,
2025-03-10,Zelensky Meets With Saudi Crown Prince Before U.S.-Ukraine Talks,The prince wants Saudi Arabia to be a middleman in peace talks. Ukraine__ leader said they__ discussed __teps and conditions needed to end the war._,,Diplomatic Engagements,neutral,zelensky_nytimes_filtered,,
2022-02-08,"Macron meets Zelensky in Ukraine, as Russia keeps the world guessing.","KYIV, Ukraine _ President Emmanuel Macron of France said on Tuesday that the Ukraine crisis could take months to resolve, but that his shuttle diplomacy this week between Russia and Ukraine had raised hopes of stabilizing the situation.",,Diplomatic Engagements,neutral,zelensky_nytimes_filtered,,
2022-02-19,"Zelensky leaves Ukraine, heading to Munich to rally Western support.","President Volodymyr Zelensky of Ukraine chose not to cancel his scheduled trip out of the country Saturday to attend a security conference in Munich, even as warnings from the West about a Russian invasion of his country grew increasingly urgent.",,Diplomatic Engagements,neutral,zelensky_nytimes_filtered,,
2022-02-28,"Zelensky, in a passionate speech, urges the E.U. to admit Ukraine immediately.",President Volodymyr Zelensky of Ukraine urged the European Union on Monday to grant his country immediate accession to the bloc in response to Russia__ invasion.,,Diplomatic Engagements,positive,zelensky_nytimes_filtered,,
2023-06-01,Zelensky pushes for E.U. and NATO membership at a meeting of European leaders in Moldova.,"__his year is for decisions,_ President Volodymyr Zelensky of Ukraine said at the European Political Community gathering, which sought to showcase Western solidarity amid the Kremlin__ war.",,Diplomatic Engagements,neutral,zelensky_nytimes_filtered,,
2023-06-29,"Pence Meets With Zelensky in Ukraine, Highlighting G.O.P. Split Over War","Former President Donald J. Trump has been critical of U.S. involvement in Ukraine__ defense, as has Gov. Ron DeSantis of Florida.",,Diplomatic Engagements,neutral,zelensky_nytimes_filtered,,
2023-12-10,Zelensky to Visit Washington With U.S. Aid to Ukraine in Doubt,Officials announced that the Ukrainian president would travel to Washington on Tuesday for a last-ditch lobbying effort with President Biden and members of Congress.,,Diplomatic Engagements,negative,zelensky_nytimes_filtered,,
2023-12-12,"Zelensky in Washington, and a Texas Abortion Case Ruling",Hear the news in five minutes.,,Diplomatic Engagements,neutral,zelensky_nytimes_filtered,,
2024-09-24,Zelensky Prepares for Tough Act Putting Ukraine War Back on Global Agenda,"In his speech to the U.N. General Assembly on Wednesday and then a meeting with President Biden a day later, the Ukrainian president will be pleading for more military and political support.",,Diplomatic Engagements,neutral,zelensky_nytimes_filtered,,
2024-09-24,"Zelensky Addresses the Security Council, Calling for Attention to Stay on Ukraine",__ussia can only be forced into peace._ President Volodymyr Zelensky of Ukraine urged the Council members to sustain their backing for his country__ resistance to Russia__ full-scale invasion.,,Diplomatic Engagements,neutral,zelensky_nytimes_filtered,,
2024-09-26,"Harris Meets With Zelensky, Anticipating a Handover of Global Crises",The meeting signaled that the White House was preparing her to take over a thorny diplomatic relationship should she win the election in November.,,Diplomatic Engagements,neutral,zelensky_nytimes_filtered,,
2024-09-27,Zelensky Meets Trump Amid Fears for Continued U.S. Support for Ukraine,The session in New York was part of a nearly weeklong U.S. visit by the Ukrainian president in which he has made appeals to both Democrats and Republicans.,,Diplomatic Engagements,negative,zelensky_nytimes_filtered,,
2024-09-27,"On Trip to U.S., Zelensky Finds Ukraine__ Fortunes Tied to the Election",A whirlwind week of top-level meetings failed to alleviate concerns in Kyiv that a Trump presidency could lead to a dramatic shift in American policy.,,Diplomatic Engagements,neutral,zelensky_nytimes_filtered,,
2024-09-30,"After U.S. Trip, Zelensky Returns to an Enduring War","Cities across Ukraine have suffered airstrikes in recent days, and Moscow is pressing a slow advance in the east. Kyiv has hit back against arms depots, trying to disrupt Russian logistics.",,Diplomatic Engagements,neutral,zelensky_nytimes_filtered,,
2022-12-14,Zelensky urges the E.U. to create a war tribunal as he accepts the Sakharov Prize.,Ukraine__ president made the remarks as he accepted the union__ top human rights award on behalf of his people.,,Diplomatic Engagements,positive,zelensky_nytimes_filtered,,
2022-12-20,Zelensky__ visit to Bakhmut aims to show Ukraine__ resolve.,"Despite months of Russian bombardments and waves of assaults, the city has remained in Ukrainian control.",,Diplomatic Engagements,neutral,zelensky_nytimes_filtered,,
2022-12-20,Your Wednesday Briefing: Zelensky Visits Bakhmut,"Also, Japan__ central bank eases its policy and Fiji prepares for a leadership change.",,Diplomatic Engagements,neutral,zelensky_nytimes_filtered,,
2022-12-21,"Zelensky Will Meet With Biden in Washington and Address Congress, Officials Say",The visit will be the first time President Volodymyr Zelensky of Ukraine has left his country since Russia invaded in February.,,Diplomatic Engagements,neutral,zelensky_nytimes_filtered,,
2022-12-21,Your Thursday Briefing: Zelensky at the White House,"Also, Donald Trump__ tax returns show losses during his presidency.",,Diplomatic Engagements,neutral,zelensky_nytimes_filtered,,
2023-07-07,"Zelensky will discuss the grain deal with Turkey__ president, with a NATO bid in mind, too.","President Volodymyr Zelensky of Ukraine is wrapping up an intense week of diplomacy with a visit to Istanbul on Friday to meet with Turkey__ president about the Black Sea grain deal that is once again facing an uncertain future, according to Turkey__ state-run Anadolu news agency.",,Diplomatic Engagements,neutral,zelensky_nytimes_filtered,,
2023-07-13,Zelensky Leaves NATO Summit to Face Hard Realities of War,"The Ukrainian leader secured new pledges of weapons and reaffirmed security commitments from Western allies, but it was not clear how significant a boost they could provide for his country__ counteroffensive.",,Diplomatic Engagements,positive,zelensky_nytimes_filtered,,
2023-07-22,"As Tensions Rise, Zelensky Pushes for Way to Ship Grain Through Black Sea","The Ukrainian leader said he had spoken with the NATO chief and the Turkish president, Recep Tayyip Erdogan, a key mediator between Russia and Ukraine since the full-scale invasion began last February.",,Diplomatic Engagements,neutral,zelensky_nytimes_filtered,,
2022-03-14,Zelensky will address Congress in a virtual speech on Wednesday.,The Ukrainian president__ speech will likely increase growing momentum on Capitol Hill to pressure President Biden to send fighter jets to Kyiv.,,Diplomatic Engagements,positive,zelensky_nytimes_filtered,,
2022-03-16,Zelensky urges more leaders to visit Kyiv after a visit by prime ministers of 3 NATO nations.,"The leaders from Poland, the Czech Republic and Slovenia __ear nothing,_ President Volodymyr Zelensky said, and he urged other leaders to make similar visits.",,Diplomatic Engagements,neutral,zelensky_nytimes_filtered,,
2022-03-16,Your Thursday Briefing: Zelensky Speaks to Congress,Plus an offshore earthquake in Japan and mass graves in Syria.,,Diplomatic Engagements,neutral,zelensky_nytimes_filtered,,
2022-03-23,Zelensky invokes memories of Fukushima and a cult__ chemical attack in his address to Japan__ Parliament.,President Volodymyr Zelensky said that Russia__ invasion could set off a nuclear catastrophe in Chernobyl and warned that Russia could use chemical weapons like the one used in a 1995 attack in Tokyo.,,Diplomatic Engagements,neutral,zelensky_nytimes_filtered,,
2022-03-26,"Addressing Qatar, Zelensky urges energy producers to increase their exports to Europe.","__he future of Europe rests with your efforts,_ Ukraine__ leader said in a plea to help the continent wean itself off Russian fossil fuels.",,Diplomatic Engagements,neutral,zelensky_nytimes_filtered,,
2024-10-17,Zelensky Tries to Sell His __ictory Plan_ to European Leaders,"President Volodymyr Zelensky of Ukraine made an urgent plea in Brussels, though it__ unclear to what extent the officials gathered there will go along with it.",,Diplomatic Engagements,neutral,zelensky_nytimes_filtered,,
2022-04-05,Your Wednesday Briefing: Zelensky Addressed the U.N.,Plus a change in Shanghai__ controversial family Covid policy and the tense build-up to the French presidential election.,,Diplomatic Engagements,neutral,zelensky_nytimes_filtered,,
2022-04-05,Zelensky Addresses the U.N.,The Ukrainian leader described war crimes he said Russian troops had committed.,,Diplomatic Engagements,neutral,zelensky_nytimes_filtered,,
2022-04-24,Blinken and Austin meet in Kyiv with Zelensky.,"Secretary of State Antony J. Blinken and Defense Secretary Lloyd J. Austin III met Sunday with President Volodymyr Zelensky, the first senior U.S. officials known to have visited Ukraine since the invasion.",,Diplomatic Engagements,neutral,zelensky_nytimes_filtered,,
2024-02-16,Zelensky Visits Berlin and Paris to Shore Up Support as U.S. Wavers,The Ukrainian president signed security agreements and sought to push the European leaders to bolster aid as concerns over American funding grow.,,Diplomatic Engagements,neutral,zelensky_nytimes_filtered,,
2023-01-18,Zelensky will address the Davos gathering in a marathon week of diplomacy.,"A critical week of diplomacy for Ukraine ramps up on Wednesday, when President Volodymyr Zelensky is scheduled to address the World Economic Forum in Davos, Switzerland, as Ukraine redoubles its pleas for more advanced weapons.",,Diplomatic Engagements,neutral,zelensky_nytimes_filtered,,
2023-01-19,C.I.A. Director Visited Kyiv for Meeting With Zelensky,"The director, William J. Burns, has made periodic visits to Ukraine to meet with intelligence officials and to exchange information with the country__ president.",,Diplomatic Engagements,neutral,zelensky_nytimes_filtered,,
2022-05-23,"Addressing Davos, Zelensky invites global businesses to Ukraine.","The Ukrainian leader pledged to root out corruption to make his country more attractive to investors, and urged for tougher penalties against Moscow.",,Diplomatic Engagements,positive,zelensky_nytimes_filtered,,
2022-09-15,The E.U.__ top official meets with Zelensky.,"Ursula von der Leyen, the European Union__ top official, reassured President Volodymyr Zelensky of Ukraine during a wide-ranging meeting Thursday in Kyiv that his country is still progressing toward membership in the bloc.",,Diplomatic Engagements,neutral,zelensky_nytimes_filtered,,
2022-04-24,Top U.S. officials meet with Zelensky in Ukraine as Russia continues to pound targets,The U.S. secretaries of state and defence met Sunday night with Ukrainian President Volodymyr Zelensky in the highest-level visit to the war-torn country's capital by an American delegation since the start of Russia's invasion.,https://www.cbc.ca/news/world/russia-ukraine-war-1.6429208,Diplomatic Engagements,neutral,zelensky_cbc_filtered,,
2022-04-16,"Russia's siege of Mariupol could 'put an end' to negotiations, Zelensky says",Ukrainian President Volodymyr Zelensky told Ukrainian media that the continuing siege of Mariupol could scuttle any attempts to find a negotiated end to the war._The president's office said the southern port city is holding out but the situation is critical.,https://www.cbc.ca/news/world/ukraine-russia-invasion-april-16-1.6421620,Diplomatic Engagements,neutral,zelensky_cbc_filtered,,
2022-04-13,"Polish, Baltic presidents meet Zelensky in Ukraine, pledge continued support and military aid","The presidents of four countries on Russia's doorstep visited Ukraine on Wednesday and underscored their support for the embattled country, where they saw heavily damaged buildings and demanded accountability for what they called war crimes carried out by Russian forces.",https://www.cbc.ca/news/world/ukraine-war-russia-1.6418023,Diplomatic Engagements,neutral,zelensky_cbc_filtered,,
2022-04-09,"'Tortured' Ukraine wants peace with Russia despite atrocities, says Zelensky","Ukrainian President Volodymyr Zelensky said Saturday that he is committed to pressing for peace despite Russian attacks on civilians that have stunned the world, and he renewed his plea for countries to send more weapons ahead of an expected surge in fighting in the country's east.",https://www.cbc.ca/news/world/zelensky-russia-ukraine-war-peace-interview-1.6414774,Diplomatic Engagements,neutral,zelensky_cbc_filtered,,
2022-03-15,Ukrainian President Volodymyr Zelensky addresses Parliament as Russian forces edge toward Kyiv,"Ukrainian President Volodymyr Zelensky delivered a powerful, personal appeal to Canada to do more to help his embattled country withstand the invasion by Russia.",https://www.cbc.ca/news/politics/zelensky-canadian-parliament-address-1.6385218,Diplomatic Engagements,positive,zelensky_cbc_filtered,,
2022-01-11,"Trudeau, Ukrainian president talk sanctions, extending training mission to deter Russian military",Ukrainian President Volodymyr Zelensky and Prime Minister Justin Trudeau today discussed extending Canada's military training mission and the prospect_of more_sanctions on Moscow as Russian troops conducted a live fire exercise on Ukraine's_border.,https://www.cbc.ca/news/politics/ukraine-russia-zelensky-trudeau-putin-donbass-1.6311266,Diplomatic Engagements,neutral,zelensky_cbc_filtered,,
2025-11-13,Georgia__ jailed ex-leader Saakashvili asks Zelensky to exchange him in POW swap,"Georgias jailed ex-president Mikheil Saakashvili, who has Ukrainian citizenship, has on Thursday appealed to Ukraines President Volodymyr Zelensky to exchange him in a prisoner swap with Russia.",https://www.ctvnews.ca/world/article/georgias-jailed-ex-leader-saakashvili-asks-zelensky-to-exchange-him-in-pow-swap/,Diplomatic Engagements,neutral,zelensky_ctv_filtered,,
2025-08-09,Zelensky discusses __iplomatic situation_ in Ukraine with Macron,"Kyiv, Ukraine  Ukraine President Volodymyr Zelensky said on Saturday he discussed the diplomatic situation in Ukraine with French counterpart Emmanuel Macron, after Russia and the United States agreed to hold a summit without Kyiv.",https://www.ctvnews.ca/world/russia-ukraine-war/article/zelensky-discusses-diplomatic-situation-in-ukraine-with-macron/,Diplomatic Engagements,neutral,zelensky_ctv_filtered,,
2022-03-28,Zelensky briefs Trudeau as ceasefire talks resume,OTTAWA  Ukrainian President Volodymyr Zelensky gave Prime Minister Justin Trudeau an update Monday on new ceasefire talks with Russia that are being held amid Ukrainian claims of military gains against Russian forces.,https://www.ctvnews.ca/politics/article/zelensky-briefs-trudeau-as-ceasefire-talks-with-russia-to-resume-in-turkey/,Diplomatic Engagements,neutral,zelensky_ctv_filtered,,
2022-03-20,Zelensky: 'I'm ready for negotiations' with Putin,"Ukrainian President Volodymyr Zelensky said Sunday that he's ""ready for negotiations"" with Russian President Vladimir Putin but warned that if they fail ""that would mean that this is a third World War.""",https://www.ctvnews.ca/world/article/zelensky-im-ready-for-negotiations-with-putin-but-if-they-fail-it-could-mean-a-third-world-war/,Diplomatic Engagements,neutral,zelensky_ctv_filtered,,
2022-03-16,Zelensky invokes Sept. 11 in appeal to U.S. Congress,Zelensky references U.S. tragedies to appeal for aid ...,https://www.ctvnews.ca/world/article/zelensky-invokes-sept-11-terror-attacks-in-appeal-to-u-s-congress/,Diplomatic Engagements,neutral,zelensky_ctv_filtered,,
2022-03-14,"'Please, close the sky': Zelensky addresses Canada__ Parliament",Ukrainian President Volodymyr Zelensky made direct pleas to Canada to further assist his country in its fight against the ongoing Russian attacks during his straightforward and emotional address to Parliament on Tuesday.,https://www.ctvnews.ca/politics/article/please-close-the-sky-says-ukraine-president-zelensky-in-address-to-canadas-parliament/,Diplomatic Engagements,neutral,zelensky_ctv_filtered,,
2022-03-14,Zelensky latest in long list of world leaders to address Parliament,"When Ukrainian President Volodymyr Zelensky addresses Parliament on Tuesday, he will be the third Ukrainian president to do so, joining a long list of world leaders and dignitaries to give a joint address to Canadian parliamentarians.",https://www.ctvnews.ca/politics/article/zelensky-latest-in-long-list-of-world-leaders-to-address-parliament-third-ukrainian-president/,Diplomatic Engagements,neutral,zelensky_ctv_filtered,,
2022-03-10,Ukrainian President Zelensky to address Canadian Parliament,Ukrainian President Volodymyr Zelensky will address Canadas Parliament on Tuesday.,https://www.ctvnews.ca/politics/article/ukrainian-president-zelensky-to-address-canadian-parliament-on-tuesday/,Diplomatic Engagements,neutral,zelensky_ctv_filtered,,
2022-03-10,Trudeau rejects Zelensky's request for a no-fly-zone,Prime Minister Justin Trudeau says he was forced to deny Ukrainian President Volodymyr Zelenskys request to authorize a no-fly zone over Ukraine citing fears about triggering an escalation from Russian forces.,https://www.ctvnews.ca/world/article/trudeau-rejects-zelenskys-request-for-a-no-fly-zone-citing-fears-of-russian-escalation/,Diplomatic Engagements,negative,zelensky_ctv_filtered,,
2022-03-03,Live updates: Zelensky talks to leaders about nuclear plant,"Ukrainian President Volodymyr Zelensky say he has informed the leaders of the U.S., Britain, the European Union and the International Atomic Energy Agency about the dire threat of nuclear disaster after Russian troops shelled a nuclear power plant.",https://www.ctvnews.ca/world/article/live-updates-zelensky-talks-to-leaders-about-nuclear-plant/,Diplomatic Engagements,neutral,zelensky_ctv_filtered,,
2020-01-14,"Zelensky says he, Trudeau talk crash punishment, as Iran announces arrests","OTTAWA  Ukraine's President Volodymyr Zelensky says he and Prime Minister Justin Trudeau have discussed the need to ""punish"" the Iranians responsible for the downing of the Ukrainian airliner near Tehran last week that killed 176 people.",https://www.ctvnews.ca/canada/article/zelensky-says-he-trudeau-talk-crash-punishment-as-iran-announces-arrests/,Diplomatic Engagements,neutral,zelensky_ctv_filtered,,
2025-05-03,Face-to-Face at the Vatican: How Trump and Zelensky Made Up,,https://www.wsj.com/world/europe/face-to-face-at-the-vatican-how-trump-and-zelensky-made-up-344cb932,Diplomatic Engagements,positive,zelensky_wsj_filtered,"The Ukrainian president__ showmanship helped rally the world against the Russian invasion, but it has grated on President Trump.",
2023-04-05,Zelensky Visits Poland as Ukraine Pursues Support for Offensive,,https://www.wsj.com/articles/russia-strengthens-defenses-in-occupied-ukraine-as-zelensky-visits-poland-62f32f22,Diplomatic Engagements,neutral,zelensky_wsj_filtered,Zelensky's visit came amid diplomacy aimed at expediting an outcome to the war.,
2022-12-21,Zelensky Set to Visit Washington on Wednesday,,https://www.wsj.com/articles/ukraine-president-volodymyr-zelensky-expected-to-visit-washington-on-wednesday-11671577431,Diplomatic Engagements,neutral,zelensky_wsj_filtered,His first trip abroad since Russia__ invasion.,
2022-06-12,"French, German and Italian Leaders to Meet With Zelensky in Kyiv",,https://www.wsj.com/world/europe/russia-shells-chemical-plant-sheltering-civilians-ukraine-says-11655031115,Diplomatic Engagements,neutral,zelensky_wsj_filtered,"Macron, Scholz and Draghi plan trip amid Russia__ advances in eastern Ukraine.",
2025-05-15,"Zelenskyy arrives in Turkey for peace talks, but Putin is absent",Zelenskyy arrives in Turkey for peace talks; Trump says he didn__ expect Putin to come.,https://www.nbc.com/today/video/zelenskyy-arrives-in-turkey-for-peace-talks-but-putin-is-absent/NBCN618629808,Diplomatic Engagements,neutral,zelensky_nbc_filtered,,
2025-04-26,Trump and Zelenskyy meet at Vatican ahead of pope__ funeral,Trump and Zelenskyy meet for first time since Oval Office dispute.,https://www.nbc.com/today/video/trump-and-zelenskyy-meet-at-vatican-ahead-of-popes-funeral/NBCN401605972,Diplomatic Engagements,neutral,zelensky_nbc_filtered,,
2025-03-02,Zelenskyy in UK for emergency summit after Oval Office blowup,Starmer hosts emergency summit after Zelenskyy__rump dispute.,https://www.nbc.com/today/video/zelenskyy-in-uk-for-emergency-summit-after-oval-office-blowup/NBCN288773855,Diplomatic Engagements,neutral,zelensky_nbc_filtered,,
2025-03-01,Zelenskyy's meeting with Trump unravels into heated exchange,Zelenskyy and Trump clash over minerals deal; lunch canceled.,https://www.nbc.com/today/video/zelenskyys-meeting-with-trump-unravels-into-heated-exchange/NBCN265733604,Diplomatic Engagements,neutral,zelensky_nbc_filtered,,
2024-09-25,Amb. Bill Taylor: Zelenskyy pitches __ictory plan_,Zelenskyy seeks deeper strike permissions from allies.,https://www.nbc.com/meet-the-press/video/amb-bill-taylor-zelenskyy-pitches-victory-plan-and-asks-permission-to-fire-deeper-into-russia/NBCN146757628,Diplomatic Engagements,neutral,zelensky_nbc_filtered,,
2023-11-05,Zelenskyy says he__ __eady to go to Israel today_ but depends on conditions,Zelenskyy says he is prepared to visit Israel depending on circumstances.,https://www.nbc.com/meet-the-press/video/zelenskyy-says-hes-ready-to-go-to-israel-today-but-the-visit-will-depend-on-a-number-of-things/NBCN150789509,Diplomatic Engagements,neutral,zelensky_nbc_filtered,,
2023-11-05,Zelenskyy says he__ __eady to go to Israel today_,Zelenskyy says he is ready to visit Israel depending on security conditions.,https://www.nbc.com/meet-the-press/video/zelenskyy-says-hes-ready-to-go-to-israel-today-but-the-visit-will-depend-on-a-number-of-things/NBCN150789509,Diplomatic Engagements,neutral,zelensky_nbc_filtered,,
2022-12-22,Zelenskyy caps off US trip with emotional address to Congress,Zelenskyy urges Congress for more aid and unity.,https://www.nbc.com/today/video/zelenskyy-caps-off-us-trip-with-emotional-address-to-congress/NBCN443589751,Diplomatic Engagements,positive,zelensky_nbc_filtered,,
2022-12-21,Zelenskyy to meet Biden and Congress during surprise visit to US,Zelenskyy makes first trip abroad since the invasion.,https://www.nbc.com/today/video/zelenskyy-to-meet-biden-and-congress-during-surprise-visit-to-us/NBCN286917731,Diplomatic Engagements,neutral,zelensky_nbc_filtered,,
2022-06-27,Zelenskyy pleads with world leaders at G7 summit,Zelenskyy asks for air-defense systems at G7.,https://www.nbc.com/today/video/zelenskyy-pleads-with-world-leaders-at-g7-summit/NBCN897733584,Diplomatic Engagements,neutral,zelensky_nbc_filtered,,
2022-05-01,"Pelosi meets Zelenskyy in Kyiv, civilians evacuate from steel plant",Pelosi visits Zelenskyy amid evacuations from Mariupol plant.,https://www.nbc.com/today/video/pelosi-meets-zelenskyy-in-kyiv-civilians-evacuate-from-steel-plant/137765713,Diplomatic Engagements,neutral,zelensky_nbc_filtered,,
2022-03-17,Ukraine__ Zelenskyy shares graphic video during address to Congress,Zelenskyy shares graphic video appealing for more U.S. support.,https://www.nbc.com/today/video/ukraines-zelenskyy-shares-graphic-video-during-address-to-congress/490629985,Diplomatic Engagements,neutral,zelensky_nbc_filtered,,
2022-03-16,Zelenskyy Delivers Moving Address to Congress,Zelenskyy addresses Congress as Putin__ invasion sputters.,https://www.nbc.com/late-night-with-seth-meyers/video/zelenskyy-delivers-moving-address-to-congress-as-putins-invasion-sputters-a-closer-look/535173957,Diplomatic Engagements,positive,zelensky_nbc_filtered,,
2022-03-16,Zelenskyy Delivers Moving Address to Congress as Putin's Invasion Sputters: A Closer Look,Seth Meyers analyzes Zelenskyy__ address to Congress and hopes for diplomatic solutions.,https://www.nbc.com/late-night-with-seth-meyers/video/zelenskyy-delivers-moving-address-to-congress-as-putins-invasion-sputters-a-closer-look/535173957,Diplomatic Engagements,positive,zelensky_nbc_filtered,,
2022-03-16,Zelenskyy meets with 3 NATO leaders in Kyiv while under attack,Zelenskyy receives NATO leaders amid intensified Russian attacks.,https://www.nbc.com/today/video/ukraines-zelenskyy-meets-with-3-nato-leaders-in-kyiv-while-under-attack/477829676,Diplomatic Engagements,neutral,zelensky_nbc_filtered,,
2022-03-16,WATCH: Zelenskyy__ full address to US Congress on Russian invasion,Full live-stream of Zelenskyy__ emotional address to U.S. Congress.,https://www.nbc.com/today/video/watch-zelenskyys-full-address-to-us-congress-on-russian-invasion/491653668,Diplomatic Engagements,positive,zelensky_nbc_filtered,,